date,demand,event_name_1,event_type_1,has_event,promotional_event,holiday_event,snap_CA,snap_TX,snap_WI,weekday,wm_yr_wk,month,year,sell_price
2011-01-29,0,,,0,0,0,0,0,0,Saturday,11101,1,2011,1.0
2011-01-30,0,,,0,0,0,0,0,0,Sunday,11101,1,2011,1.0
2011-01-31,0,,,0,0,0,0,0,0,Monday,11101,1,2011,1.0
2011-02-01,0,,,0,0,0,1,1,0,Tuesday,11101,2,2011,1.0
2011-02-02,0,,,0,0,0,1,0,1,Wednesday,11101,2,2011,1.0
2011-02-03,0,,,0,0,0,1,1,1,Thursday,11101,2,2011,1.0
2011-02-04,0,,,0,0,0,1,0,0,Friday,11101,2,2011,1.0
2011-02-05,0,,,0,0,0,1,1,1,Saturday,11102,2,2011,1.0
2011-02-06,0,SuperBowl,Sporting,1,1,0,1,1,1,Sunday,11102,2,2011,1.0
2011-02-07,0,,,0,0,0,1,1,0,Monday,11102,2,2011,1.0
2011-02-08,0,,,0,0,0,1,0,1,Tuesday,11102,2,2011,1.0
2011-02-09,0,,,0,0,0,1,1,1,Wednesday,11102,2,2011,1.0
2011-02-10,0,,,0,0,0,1,0,0,Thursday,11102,2,2011,1.0
2011-02-11,0,,,0,0,0,0,1,1,Friday,11102,2,2011,1.0
2011-02-12,0,,,0,0,0,0,1,1,Saturday,11103,2,2011,1.0
2011-02-13,0,,,0,0,0,0,1,0,Sunday,11103,2,2011,1.0
2011-02-14,0,ValentinesDay,Cultural,1,1,1,0,0,1,Monday,11103,2,2011,1.0
2011-02-15,0,,,0,0,0,0,1,1,Tuesday,11103,2,2011,1.0
2011-02-16,0,,,0,0,0,0,0,0,Wednesday,11103,2,2011,1.0
2011-02-17,0,,,0,0,0,0,0,0,Thursday,11103,2,2011,1.0
2011-02-18,0,,,0,0,0,0,0,0,Friday,11103,2,2011,1.0
2011-02-19,0,,,0,0,0,0,0,0,Saturday,11104,2,2011,1.0
2011-02-20,0,,,0,0,0,0,0,0,Sunday,11104,2,2011,1.0
2011-02-21,0,PresidentsDay,National,1,1,0,0,0,0,Monday,11104,2,2011,1.0
2011-02-22,0,,,0,0,0,0,0,0,Tuesday,11104,2,2011,1.0
2011-02-23,0,,,0,0,0,0,0,0,Wednesday,11104,2,2011,1.0
2011-02-24,0,,,0,0,0,0,0,0,Thursday,11104,2,2011,1.0
2011-02-25,0,,,0,0,0,0,0,0,Friday,11104,2,2011,1.0
2011-02-26,0,,,0,0,0,0,0,0,Saturday,11105,2,2011,1.0
2011-02-27,0,,,0,0,0,0,0,0,Sunday,11105,2,2011,1.0
2011-02-28,0,,,0,0,0,0,0,0,Monday,11105,2,2011,1.0
2011-03-01,0,,,0,0,0,1,1,0,Tuesday,11105,3,2011,1.0
2011-03-02,0,,,0,0,0,1,0,1,Wednesday,11105,3,2011,1.0
2011-03-03,0,,,0,0,0,1,1,1,Thursday,11105,3,2011,1.0
2011-03-04,0,,,0,0,0,1,0,0,Friday,11105,3,2011,1.0
2011-03-05,0,,,0,0,0,1,1,1,Saturday,11106,3,2011,1.0
2011-03-06,0,,,0,0,0,1,1,1,Sunday,11106,3,2011,1.0
2011-03-07,0,,,0,0,0,1,1,0,Monday,11106,3,2011,1.0
2011-03-08,0,,,0,0,0,1,0,1,Tuesday,11106,3,2011,1.0
2011-03-09,0,LentStart,Religious,1,1,0,1,1,1,Wednesday,11106,3,2011,1.0
2011-03-10,0,,,0,0,0,1,0,0,Thursday,11106,3,2011,1.0
2011-03-11,0,,,0,0,0,0,1,1,Friday,11106,3,2011,1.0
2011-03-12,0,,,0,0,0,0,1,1,Saturday,11107,3,2011,1.0
2011-03-13,0,,,0,0,0,0,1,0,Sunday,11107,3,2011,1.0
2011-03-14,0,,,0,0,0,0,0,1,Monday,11107,3,2011,1.0
2011-03-15,0,,,0,0,0,0,1,1,Tuesday,11107,3,2011,1.0
2011-03-16,0,LentWeek2,Religious,1,1,0,0,0,0,Wednesday,11107,3,2011,1.0
2011-03-17,0,StPatricksDay,Cultural,1,1,1,0,0,0,Thursday,11107,3,2011,1.0
2011-03-18,0,,,0,0,0,0,0,0,Friday,11107,3,2011,1.0
2011-03-19,0,,,0,0,0,0,0,0,Saturday,11108,3,2011,1.0
2011-03-20,0,Purim End,Religious,1,1,0,0,0,0,Sunday,11108,3,2011,1.0
2011-03-21,0,,,0,0,0,0,0,0,Monday,11108,3,2011,1.0
2011-03-22,0,,,0,0,0,0,0,0,Tuesday,11108,3,2011,1.0
2011-03-23,0,,,0,0,0,0,0,0,Wednesday,11108,3,2011,1.0
2011-03-24,0,,,0,0,0,0,0,0,Thursday,11108,3,2011,1.0
2011-03-25,0,,,0,0,0,0,0,0,Friday,11108,3,2011,1.0
2011-03-26,0,,,0,0,0,0,0,0,Saturday,11109,3,2011,1.0
2011-03-27,0,,,0,0,0,0,0,0,Sunday,11109,3,2011,1.0
2011-03-28,0,,,0,0,0,0,0,0,Monday,11109,3,2011,1.0
2011-03-29,0,,,0,0,0,0,0,0,Tuesday,11109,3,2011,1.0
2011-03-30,0,,,0,0,0,0,0,0,Wednesday,11109,3,2011,1.0
2011-03-31,0,,,0,0,0,0,0,0,Thursday,11109,3,2011,1.0
2011-04-01,0,,,0,0,0,1,1,0,Friday,11109,4,2011,1.0
2011-04-02,0,,,0,0,0,1,0,1,Saturday,11110,4,2011,1.0
2011-04-03,0,,,0,0,0,1,1,1,Sunday,11110,4,2011,1.0
2011-04-04,0,,,0,0,0,1,0,0,Monday,11110,4,2011,1.0
2011-04-05,0,,,0,0,0,1,1,1,Tuesday,11110,4,2011,1.0
2011-04-06,0,,,0,0,0,1,1,1,Wednesday,11110,4,2011,1.0
2011-04-07,0,,,0,0,0,1,1,0,Thursday,11110,4,2011,1.0
2011-04-08,0,,,0,0,0,1,0,1,Friday,11110,4,2011,1.0
2011-04-09,0,,,0,0,0,1,1,1,Saturday,11111,4,2011,1.0
2011-04-10,0,,,0,0,0,1,0,0,Sunday,11111,4,2011,1.0
2011-04-11,0,,,0,0,0,0,1,1,Monday,11111,4,2011,1.0
2011-04-12,0,,,0,0,0,0,1,1,Tuesday,11111,4,2011,1.0
2011-04-13,0,,,0,0,0,0,1,0,Wednesday,11111,4,2011,1.0
2011-04-14,0,,,0,0,0,0,0,1,Thursday,11111,4,2011,1.0
2011-04-15,0,,,0,0,0,0,1,1,Friday,11111,4,2011,1.0
2011-04-16,0,,,0,0,0,0,0,0,Saturday,11112,4,2011,1.0
2011-04-17,0,,,0,0,0,0,0,0,Sunday,11112,4,2011,1.0
2011-04-18,0,,,0,0,0,0,0,0,Monday,11112,4,2011,1.0
2011-04-19,0,,,0,0,0,0,0,0,Tuesday,11112,4,2011,1.0
2011-04-20,0,,,0,0,0,0,0,0,Wednesday,11112,4,2011,1.0
2011-04-21,0,,,0,0,0,0,0,0,Thursday,11112,4,2011,1.0
2011-04-22,0,,,0,0,0,0,0,0,Friday,11112,4,2011,1.0
2011-04-23,0,,,0,0,0,0,0,0,Saturday,11113,4,2011,1.0
2011-04-24,0,OrthodoxEaster,Religious,1,1,0,0,0,0,Sunday,11113,4,2011,1.0
2011-04-25,0,,,0,0,0,0,0,0,Monday,11113,4,2011,1.0
2011-04-26,0,Pesach End,Religious,1,1,0,0,0,0,Tuesday,11113,4,2011,1.0
2011-04-27,0,,,0,0,0,0,0,0,Wednesday,11113,4,2011,1.0
2011-04-28,0,,,0,0,0,0,0,0,Thursday,11113,4,2011,1.0
2011-04-29,0,,,0,0,0,0,0,0,Friday,11113,4,2011,1.0
2011-04-30,0,,,0,0,0,0,0,0,Saturday,11114,4,2011,1.0
2011-05-01,0,,,0,0,0,1,1,0,Sunday,11114,5,2011,1.0
2011-05-02,0,,,0,0,0,1,0,1,Monday,11114,5,2011,1.0
2011-05-03,0,,,0,0,0,1,1,1,Tuesday,11114,5,2011,1.0
2011-05-04,0,,,0,0,0,1,0,0,Wednesday,11114,5,2011,1.0
2011-05-05,0,Cinco De Mayo,Cultural,1,1,1,1,1,1,Thursday,11114,5,2011,1.0
2011-05-06,0,,,0,0,0,1,1,1,Friday,11114,5,2011,1.0
2011-05-07,0,,,0,0,0,1,1,0,Saturday,11115,5,2011,1.0
2011-05-08,0,Mother's day,Cultural,1,1,1,1,0,1,Sunday,11115,5,2011,1.0
2011-05-09,0,,,0,0,0,1,1,1,Monday,11115,5,2011,1.0
2011-05-10,0,,,0,0,0,1,0,0,Tuesday,11115,5,2011,1.0
2011-05-11,0,,,0,0,0,0,1,1,Wednesday,11115,5,2011,1.0
2011-05-12,0,,,0,0,0,0,1,1,Thursday,11115,5,2011,1.0
2011-05-13,0,,,0,0,0,0,1,0,Friday,11115,5,2011,1.0
2011-05-14,0,,,0,0,0,0,0,1,Saturday,11116,5,2011,1.0
2011-05-15,0,,,0,0,0,0,1,1,Sunday,11116,5,2011,1.0
2011-05-16,0,,,0,0,0,0,0,0,Monday,11116,5,2011,1.0
2011-05-17,0,,,0,0,0,0,0,0,Tuesday,11116,5,2011,1.0
2011-05-18,0,,,0,0,0,0,0,0,Wednesday,11116,5,2011,1.0
2011-05-19,0,,,0,0,0,0,0,0,Thursday,11116,5,2011,1.0
2011-05-20,0,,,0,0,0,0,0,0,Friday,11116,5,2011,1.0
2011-05-21,0,,,0,0,0,0,0,0,Saturday,11117,5,2011,1.0
2011-05-22,0,,,0,0,0,0,0,0,Sunday,11117,5,2011,1.0
2011-05-23,0,,,0,0,0,0,0,0,Monday,11117,5,2011,1.0
2011-05-24,0,,,0,0,0,0,0,0,Tuesday,11117,5,2011,1.0
2011-05-25,0,,,0,0,0,0,0,0,Wednesday,11117,5,2011,1.0
2011-05-26,0,,,0,0,0,0,0,0,Thursday,11117,5,2011,1.0
2011-05-27,0,,,0,0,0,0,0,0,Friday,11117,5,2011,1.0
2011-05-28,0,,,0,0,0,0,0,0,Saturday,11118,5,2011,1.0
2011-05-29,0,,,0,0,0,0,0,0,Sunday,11118,5,2011,1.0
2011-05-30,0,MemorialDay,National,1,1,0,0,0,0,Monday,11118,5,2011,1.0
2011-05-31,0,NBAFinalsStart,Sporting,1,1,0,0,0,0,Tuesday,11118,5,2011,1.0
2011-06-01,0,,,0,0,0,1,1,0,Wednesday,11118,6,2011,1.0
2011-06-02,0,,,0,0,0,1,0,1,Thursday,11118,6,2011,1.0
2011-06-03,0,,,0,0,0,1,1,1,Friday,11118,6,2011,1.0
2011-06-04,0,,,0,0,0,1,0,0,Saturday,11119,6,2011,1.0
2011-06-05,0,,,0,0,0,1,1,1,Sunday,11119,6,2011,1.0
2011-06-06,0,,,0,0,0,1,1,1,Monday,11119,6,2011,1.0
2011-06-07,0,,,0,0,0,1,1,0,Tuesday,11119,6,2011,1.0
2011-06-08,0,,,0,0,0,1,0,1,Wednesday,11119,6,2011,1.0
2011-06-09,0,,,0,0,0,1,1,1,Thursday,11119,6,2011,1.0
2011-06-10,0,,,0,0,0,1,0,0,Friday,11119,6,2011,1.0
2011-06-11,0,,,0,0,0,0,1,1,Saturday,11120,6,2011,1.0
2011-06-12,0,NBAFinalsEnd,Sporting,1,1,0,0,1,1,Sunday,11120,6,2011,1.0
2011-06-13,0,,,0,0,0,0,1,0,Monday,11120,6,2011,1.0
2011-06-14,0,,,0,0,0,0,0,1,Tuesday,11120,6,2011,1.0
2011-06-15,0,,,0,0,0,0,1,1,Wednesday,11120,6,2011,1.0
2011-06-16,0,,,0,0,0,0,0,0,Thursday,11120,6,2011,1.0
2011-06-17,0,,,0,0,0,0,0,0,Friday,11120,6,2011,1.0
2011-06-18,0,,,0,0,0,0,0,0,Saturday,11121,6,2011,1.0
2011-06-19,0,Father's day,Cultural,1,1,1,0,0,0,Sunday,11121,6,2011,1.0
2011-06-20,0,,,0,0,0,0,0,0,Monday,11121,6,2011,1.0
2011-06-21,0,,,0,0,0,0,0,0,Tuesday,11121,6,2011,1.0
2011-06-22,0,,,0,0,0,0,0,0,Wednesday,11121,6,2011,1.0
2011-06-23,0,,,0,0,0,0,0,0,Thursday,11121,6,2011,1.0
2011-06-24,0,,,0,0,0,0,0,0,Friday,11121,6,2011,1.0
2011-06-25,0,,,0,0,0,0,0,0,Saturday,11122,6,2011,1.0
2011-06-26,0,,,0,0,0,0,0,0,Sunday,11122,6,2011,1.0
2011-06-27,0,,,0,0,0,0,0,0,Monday,11122,6,2011,1.0
2011-06-28,0,,,0,0,0,0,0,0,Tuesday,11122,6,2011,1.0
2011-06-29,0,,,0,0,0,0,0,0,Wednesday,11122,6,2011,1.0
2011-06-30,0,,,0,0,0,0,0,0,Thursday,11122,6,2011,1.0
2011-07-01,0,,,0,0,0,1,1,0,Friday,11122,7,2011,1.0
2011-07-02,0,,,0,0,0,1,0,1,Saturday,11123,7,2011,1.0
2011-07-03,0,,,0,0,0,1,1,1,Sunday,11123,7,2011,1.0
2011-07-04,0,IndependenceDay,National,1,1,0,1,0,0,Monday,11123,7,2011,1.0
2011-07-05,0,,,0,0,0,1,1,1,Tuesday,11123,7,2011,1.0
2011-07-06,0,,,0,0,0,1,1,1,Wednesday,11123,7,2011,1.0
2011-07-07,0,,,0,0,0,1,1,0,Thursday,11123,7,2011,1.0
2011-07-08,0,,,0,0,0,1,0,1,Friday,11123,7,2011,1.0
2011-07-09,0,,,0,0,0,1,1,1,Saturday,11124,7,2011,1.0
2011-07-10,0,,,0,0,0,1,0,0,Sunday,11124,7,2011,1.0
2011-07-11,0,,,0,0,0,0,1,1,Monday,11124,7,2011,1.0
2011-07-12,0,,,0,0,0,0,1,1,Tuesday,11124,7,2011,1.0
2011-07-13,0,,,0,0,0,0,1,0,Wednesday,11124,7,2011,1.0
2011-07-14,0,,,0,0,0,0,0,1,Thursday,11124,7,2011,1.0
2011-07-15,0,,,0,0,0,0,1,1,Friday,11124,7,2011,1.0
2011-07-16,0,,,0,0,0,0,0,0,Saturday,11125,7,2011,1.0
2011-07-17,0,,,0,0,0,0,0,0,Sunday,11125,7,2011,1.0
2011-07-18,0,,,0,0,0,0,0,0,Monday,11125,7,2011,1.0
2011-07-19,0,,,0,0,0,0,0,0,Tuesday,11125,7,2011,1.0
2011-07-20,0,,,0,0,0,0,0,0,Wednesday,11125,7,2011,1.0
2011-07-21,0,,,0,0,0,0,0,0,Thursday,11125,7,2011,1.0
2011-07-22,0,,,0,0,0,0,0,0,Friday,11125,7,2011,1.0
2011-07-23,0,,,0,0,0,0,0,0,Saturday,11126,7,2011,1.0
2011-07-24,0,,,0,0,0,0,0,0,Sunday,11126,7,2011,1.0
2011-07-25,0,,,0,0,0,0,0,0,Monday,11126,7,2011,1.0
2011-07-26,0,,,0,0,0,0,0,0,Tuesday,11126,7,2011,1.0
2011-07-27,0,,,0,0,0,0,0,0,Wednesday,11126,7,2011,1.0
2011-07-28,0,,,0,0,0,0,0,0,Thursday,11126,7,2011,1.0
2011-07-29,0,,,0,0,0,0,0,0,Friday,11126,7,2011,1.0
2011-07-30,0,,,0,0,0,0,0,0,Saturday,11127,7,2011,1.0
2011-07-31,0,,,0,0,0,0,0,0,Sunday,11127,7,2011,1.0
2011-08-01,0,Ramadan starts,Religious,1,1,0,1,1,0,Monday,11127,8,2011,1.0
2011-08-02,0,,,0,0,0,1,0,1,Tuesday,11127,8,2011,1.0
2011-08-03,0,,,0,0,0,1,1,1,Wednesday,11127,8,2011,1.0
2011-08-04,0,,,0,0,0,1,0,0,Thursday,11127,8,2011,1.0
2011-08-05,0,,,0,0,0,1,1,1,Friday,11127,8,2011,1.0
2011-08-06,0,,,0,0,0,1,1,1,Saturday,11128,8,2011,1.0
2011-08-07,0,,,0,0,0,1,1,0,Sunday,11128,8,2011,1.0
2011-08-08,0,,,0,0,0,1,0,1,Monday,11128,8,2011,1.0
2011-08-09,0,,,0,0,0,1,1,1,Tuesday,11128,8,2011,1.0
2011-08-10,0,,,0,0,0,1,0,0,Wednesday,11128,8,2011,1.0
2011-08-11,0,,,0,0,0,0,1,1,Thursday,11128,8,2011,1.0
2011-08-12,0,,,0,0,0,0,1,1,Friday,11128,8,2011,1.0
2011-08-13,0,,,0,0,0,0,1,0,Saturday,11129,8,2011,1.0
2011-08-14,0,,,0,0,0,0,0,1,Sunday,11129,8,2011,1.0
2011-08-15,0,,,0,0,0,0,1,1,Monday,11129,8,2011,1.0
2011-08-16,0,,,0,0,0,0,0,0,Tuesday,11129,8,2011,1.0
2011-08-17,0,,,0,0,0,0,0,0,Wednesday,11129,8,2011,1.0
2011-08-18,0,,,0,0,0,0,0,0,Thursday,11129,8,2011,1.0
2011-08-19,0,,,0,0,0,0,0,0,Friday,11129,8,2011,1.0
2011-08-20,0,,,0,0,0,0,0,0,Saturday,11130,8,2011,1.0
2011-08-21,0,,,0,0,0,0,0,0,Sunday,11130,8,2011,1.0
2011-08-22,0,,,0,0,0,0,0,0,Monday,11130,8,2011,1.0
2011-08-23,0,,,0,0,0,0,0,0,Tuesday,11130,8,2011,1.0
2011-08-24,0,,,0,0,0,0,0,0,Wednesday,11130,8,2011,1.0
2011-08-25,0,,,0,0,0,0,0,0,Thursday,11130,8,2011,1.0
2011-08-26,0,,,0,0,0,0,0,0,Friday,11130,8,2011,1.0
2011-08-27,0,,,0,0,0,0,0,0,Saturday,11131,8,2011,1.0
2011-08-28,0,,,0,0,0,0,0,0,Sunday,11131,8,2011,1.0
2011-08-29,0,,,0,0,0,0,0,0,Monday,11131,8,2011,1.0
2011-08-30,0,,,0,0,0,0,0,0,Tuesday,11131,8,2011,1.0
2011-08-31,0,Eid al-Fitr,Religious,1,1,0,0,0,0,Wednesday,11131,8,2011,1.0
2011-09-01,0,,,0,0,0,1,1,0,Thursday,11131,9,2011,1.0
2011-09-02,0,,,0,0,0,1,0,1,Friday,11131,9,2011,1.0
2011-09-03,0,,,0,0,0,1,1,1,Saturday,11132,9,2011,1.0
2011-09-04,0,,,0,0,0,1,0,0,Sunday,11132,9,2011,1.0
2011-09-05,0,LaborDay,National,1,1,0,1,1,1,Monday,11132,9,2011,1.0
2011-09-06,0,,,0,0,0,1,1,1,Tuesday,11132,9,2011,1.0
2011-09-07,0,,,0,0,0,1,1,0,Wednesday,11132,9,2011,1.0
2011-09-08,0,,,0,0,0,1,0,1,Thursday,11132,9,2011,1.0
2011-09-09,0,,,0,0,0,1,1,1,Friday,11132,9,2011,1.0
2011-09-10,0,,,0,0,0,1,0,0,Saturday,11133,9,2011,1.0
2011-09-11,0,,,0,0,0,0,1,1,Sunday,11133,9,2011,1.0
2011-09-12,0,,,0,0,0,0,1,1,Monday,11133,9,2011,1.0
2011-09-13,0,,,0,0,0,0,1,0,Tuesday,11133,9,2011,1.0
2011-09-14,0,,,0,0,0,0,0,1,Wednesday,11133,9,2011,1.0
2011-09-15,0,,,0,0,0,0,1,1,Thursday,11133,9,2011,1.0
2011-09-16,0,,,0,0,0,0,0,0,Friday,11133,9,2011,1.0
2011-09-17,0,,,0,0,0,0,0,0,Saturday,11134,9,2011,1.0
2011-09-18,0,,,0,0,0,0,0,0,Sunday,11134,9,2011,1.0
2011-09-19,0,,,0,0,0,0,0,0,Monday,11134,9,2011,1.0
2011-09-20,0,,,0,0,0,0,0,0,Tuesday,11134,9,2011,1.0
2011-09-21,0,,,0,0,0,0,0,0,Wednesday,11134,9,2011,1.0
2011-09-22,0,,,0,0,0,0,0,0,Thursday,11134,9,2011,1.0
2011-09-23,0,,,0,0,0,0,0,0,Friday,11134,9,2011,1.0
2011-09-24,0,,,0,0,0,0,0,0,Saturday,11135,9,2011,1.0
2011-09-25,0,,,0,0,0,0,0,0,Sunday,11135,9,2011,1.0
2011-09-26,0,,,0,0,0,0,0,0,Monday,11135,9,2011,1.0
2011-09-27,0,,,0,0,0,0,0,0,Tuesday,11135,9,2011,1.0
2011-09-28,0,,,0,0,0,0,0,0,Wednesday,11135,9,2011,1.0
2011-09-29,0,,,0,0,0,0,0,0,Thursday,11135,9,2011,1.0
2011-09-30,0,,,0,0,0,0,0,0,Friday,11135,9,2011,1.0
2011-10-01,0,,,0,0,0,1,1,0,Saturday,11136,10,2011,1.0
2011-10-02,0,,,0,0,0,1,0,1,Sunday,11136,10,2011,1.0
2011-10-03,0,,,0,0,0,1,1,1,Monday,11136,10,2011,1.0
2011-10-04,0,,,0,0,0,1,0,0,Tuesday,11136,10,2011,1.0
2011-10-05,0,,,0,0,0,1,1,1,Wednesday,11136,10,2011,1.0
2011-10-06,0,,,0,0,0,1,1,1,Thursday,11136,10,2011,1.0
2011-10-07,0,,,0,0,0,1,1,0,Friday,11136,10,2011,1.0
2011-10-08,0,,,0,0,0,1,0,1,Saturday,11137,10,2011,1.0
2011-10-09,0,,,0,0,0,1,1,1,Sunday,11137,10,2011,1.0
2011-10-10,0,ColumbusDay,National,1,1,0,1,0,0,Monday,11137,10,2011,1.0
2011-10-11,0,,,0,0,0,0,1,1,Tuesday,11137,10,2011,1.0
2011-10-12,0,,,0,0,0,0,1,1,Wednesday,11137,10,2011,1.0
2011-10-13,0,,,0,0,0,0,1,0,Thursday,11137,10,2011,1.0
2011-10-14,0,,,0,0,0,0,0,1,Friday,11137,10,2011,1.0
2011-10-15,0,,,0,0,0,0,1,1,Saturday,11138,10,2011,1.0
2011-10-16,0,,,0,0,0,0,0,0,Sunday,11138,10,2011,1.0
2011-10-17,0,,,0,0,0,0,0,0,Monday,11138,10,2011,1.0
2011-10-18,0,,,0,0,0,0,0,0,Tuesday,11138,10,2011,1.0
2011-10-19,0,,,0,0,0,0,0,0,Wednesday,11138,10,2011,1.0
2011-10-20,0,,,0,0,0,0,0,0,Thursday,11138,10,2011,1.0
2011-10-21,0,,,0,0,0,0,0,0,Friday,11138,10,2011,1.0
2011-10-22,0,,,0,0,0,0,0,0,Saturday,11139,10,2011,1.0
2011-10-23,0,,,0,0,0,0,0,0,Sunday,11139,10,2011,1.0
2011-10-24,0,,,0,0,0,0,0,0,Monday,11139,10,2011,1.0
2011-10-25,0,,,0,0,0,0,0,0,Tuesday,11139,10,2011,1.0
2011-10-26,0,,,0,0,0,0,0,0,Wednesday,11139,10,2011,1.0
2011-10-27,0,,,0,0,0,0,0,0,Thursday,11139,10,2011,1.0
2011-10-28,0,,,0,0,0,0,0,0,Friday,11139,10,2011,1.0
2011-10-29,0,,,0,0,0,0,0,0,Saturday,11140,10,2011,1.0
2011-10-30,0,,,0,0,0,0,0,0,Sunday,11140,10,2011,1.0
2011-10-31,0,Halloween,Cultural,1,1,1,0,0,0,Monday,11140,10,2011,1.0
2011-11-01,0,,,0,0,0,1,1,0,Tuesday,11140,11,2011,1.0
2011-11-02,0,,,0,0,0,1,0,1,Wednesday,11140,11,2011,1.0
2011-11-03,0,,,0,0,0,1,1,1,Thursday,11140,11,2011,1.0
2011-11-04,0,,,0,0,0,1,0,0,Friday,11140,11,2011,1.0
2011-11-05,0,,,0,0,0,1,1,1,Saturday,11141,11,2011,1.0
2011-11-06,0,,,0,0,0,1,1,1,Sunday,11141,11,2011,1.0
2011-11-07,0,EidAlAdha,Religious,1,1,0,1,1,0,Monday,11141,11,2011,1.0
2011-11-08,0,,,0,0,0,1,0,1,Tuesday,11141,11,2011,1.0
2011-11-09,0,,,0,0,0,1,1,1,Wednesday,11141,11,2011,1.0
2011-11-10,0,,,0,0,0,1,0,0,Thursday,11141,11,2011,1.0
2011-11-11,0,VeteransDay,National,1,1,0,0,1,1,Friday,11141,11,2011,1.0
2011-11-12,0,,,0,0,0,0,1,1,Saturday,11142,11,2011,1.0
2011-11-13,0,,,0,0,0,0,1,0,Sunday,11142,11,2011,1.0
2011-11-14,0,,,0,0,0,0,0,1,Monday,11142,11,2011,1.0
2011-11-15,0,,,0,0,0,0,1,1,Tuesday,11142,11,2011,1.0
2011-11-16,0,,,0,0,0,0,0,0,Wednesday,11142,11,2011,1.0
2011-11-17,0,,,0,0,0,0,0,0,Thursday,11142,11,2011,1.0
2011-11-18,0,,,0,0,0,0,0,0,Friday,11142,11,2011,1.0
2011-11-19,0,,,0,0,0,0,0,0,Saturday,11143,11,2011,1.0
2011-11-20,0,,,0,0,0,0,0,0,Sunday,11143,11,2011,1.0
2011-11-21,0,,,0,0,0,0,0,0,Monday,11143,11,2011,1.0
2011-11-22,0,,,0,0,0,0,0,0,Tuesday,11143,11,2011,1.0
2011-11-23,0,,,0,0,0,0,0,0,Wednesday,11143,11,2011,1.0
2011-11-24,0,Thanksgiving,National,1,1,0,0,0,0,Thursday,11143,11,2011,1.0
2011-11-25,0,,,0,0,0,0,0,0,Friday,11143,11,2011,1.0
2011-11-26,0,,,0,0,0,0,0,0,Saturday,11144,11,2011,1.0
2011-11-27,0,,,0,0,0,0,0,0,Sunday,11144,11,2011,1.0
2011-11-28,0,,,0,0,0,0,0,0,Monday,11144,11,2011,1.0
2011-11-29,0,,,0,0,0,0,0,0,Tuesday,11144,11,2011,1.0
2011-11-30,0,,,0,0,0,0,0,0,Wednesday,11144,11,2011,1.0
2011-12-01,0,,,0,0,0,1,1,0,Thursday,11144,12,2011,1.0
2011-12-02,0,,,0,0,0,1,0,1,Friday,11144,12,2011,1.0
2011-12-03,0,,,0,0,0,1,1,1,Saturday,11145,12,2011,1.0
2011-12-04,0,,,0,0,0,1,0,0,Sunday,11145,12,2011,1.0
2011-12-05,0,,,0,0,0,1,1,1,Monday,11145,12,2011,1.0
2011-12-06,0,,,0,0,0,1,1,1,Tuesday,11145,12,2011,1.0
2011-12-07,0,,,0,0,0,1,1,0,Wednesday,11145,12,2011,1.0
2011-12-08,0,,,0,0,0,1,0,1,Thursday,11145,12,2011,1.0
2011-12-09,0,,,0,0,0,1,1,1,Friday,11145,12,2011,1.0
2011-12-10,0,,,0,0,0,1,0,0,Saturday,11146,12,2011,1.0
2011-12-11,0,,,0,0,0,0,1,1,Sunday,11146,12,2011,1.0
2011-12-12,0,,,0,0,0,0,1,1,Monday,11146,12,2011,1.0
2011-12-13,0,,,0,0,0,0,1,0,Tuesday,11146,12,2011,1.0
2011-12-14,0,,,0,0,0,0,0,1,Wednesday,11146,12,2011,1.0
2011-12-15,0,,,0,0,0,0,1,1,Thursday,11146,12,2011,1.0
2011-12-16,0,,,0,0,0,0,0,0,Friday,11146,12,2011,1.0
2011-12-17,0,,,0,0,0,0,0,0,Saturday,11147,12,2011,1.0
2011-12-18,0,,,0,0,0,0,0,0,Sunday,11147,12,2011,1.0
2011-12-19,0,,,0,0,0,0,0,0,Monday,11147,12,2011,1.0
2011-12-20,0,,,0,0,0,0,0,0,Tuesday,11147,12,2011,1.0
2011-12-21,0,,,0,0,0,0,0,0,Wednesday,11147,12,2011,1.0
2011-12-22,0,,,0,0,0,0,0,0,Thursday,11147,12,2011,1.0
2011-12-23,0,,,0,0,0,0,0,0,Friday,11147,12,2011,1.0
2011-12-24,0,,,0,0,0,0,0,0,Saturday,11148,12,2011,1.0
2011-12-25,0,Christmas,National,1,1,0,0,0,0,Sunday,11148,12,2011,1.0
2011-12-26,0,,,0,0,0,0,0,0,Monday,11148,12,2011,1.0
2011-12-27,0,,,0,0,0,0,0,0,Tuesday,11148,12,2011,1.0
2011-12-28,0,Chanukah End,Religious,1,1,0,0,0,0,Wednesday,11148,12,2011,1.0
2011-12-29,0,,,0,0,0,0,0,0,Thursday,11148,12,2011,1.0
2011-12-30,0,,,0,0,0,0,0,0,Friday,11148,12,2011,1.0
2011-12-31,0,,,0,0,0,0,0,0,Saturday,11149,12,2011,1.0
2012-01-01,0,NewYear,National,1,1,0,1,1,0,Sunday,11149,1,2012,1.0
2012-01-02,0,,,0,0,0,1,0,1,Monday,11149,1,2012,1.0
2012-01-03,0,,,0,0,0,1,1,1,Tuesday,11149,1,2012,1.0
2012-01-04,0,,,0,0,0,1,0,0,Wednesday,11149,1,2012,1.0
2012-01-05,0,,,0,0,0,1,1,1,Thursday,11149,1,2012,1.0
2012-01-06,0,,,0,0,0,1,1,1,Friday,11149,1,2012,1.0
2012-01-07,0,OrthodoxChristmas,Religious,1,1,0,1,1,0,Saturday,11150,1,2012,1.0
2012-01-08,0,,,0,0,0,1,0,1,Sunday,11150,1,2012,1.0
2012-01-09,0,,,0,0,0,1,1,1,Monday,11150,1,2012,1.0
2012-01-10,0,,,0,0,0,1,0,0,Tuesday,11150,1,2012,1.0
2012-01-11,0,,,0,0,0,0,1,1,Wednesday,11150,1,2012,1.0
2012-01-12,0,,,0,0,0,0,1,1,Thursday,11150,1,2012,1.0
2012-01-13,0,,,0,0,0,0,1,0,Friday,11150,1,2012,1.0
2012-01-14,0,,,0,0,0,0,0,1,Saturday,11151,1,2012,1.0
2012-01-15,0,,,0,0,0,0,1,1,Sunday,11151,1,2012,1.0
2012-01-16,0,MartinLutherKingDay,National,1,1,0,0,0,0,Monday,11151,1,2012,1.0
2012-01-17,0,,,0,0,0,0,0,0,Tuesday,11151,1,2012,1.0
2012-01-18,0,,,0,0,0,0,0,0,Wednesday,11151,1,2012,1.0
2012-01-19,0,,,0,0,0,0,0,0,Thursday,11151,1,2012,1.0
2012-01-20,0,,,0,0,0,0,0,0,Friday,11151,1,2012,1.0
2012-01-21,0,,,0,0,0,0,0,0,Saturday,11152,1,2012,1.0
2012-01-22,0,,,0,0,0,0,0,0,Sunday,11152,1,2012,1.0
2012-01-23,0,,,0,0,0,0,0,0,Monday,11152,1,2012,1.0
2012-01-24,0,,,0,0,0,0,0,0,Tuesday,11152,1,2012,1.0
2012-01-25,0,,,0,0,0,0,0,0,Wednesday,11152,1,2012,1.0
2012-01-26,0,,,0,0,0,0,0,0,Thursday,11152,1,2012,1.0
2012-01-27,0,,,0,0,0,0,0,0,Friday,11152,1,2012,1.0
2012-01-28,0,,,0,0,0,0,0,0,Saturday,11201,1,2012,1.0
2012-01-29,0,,,0,0,0,0,0,0,Sunday,11201,1,2012,1.0
2012-01-30,0,,,0,0,0,0,0,0,Monday,11201,1,2012,1.0
2012-01-31,0,,,0,0,0,0,0,0,Tuesday,11201,1,2012,1.0
2012-02-01,0,,,0,0,0,1,1,0,Wednesday,11201,2,2012,1.0
2012-02-02,0,,,0,0,0,1,0,1,Thursday,11201,2,2012,1.0
2012-02-03,0,,,0,0,0,1,1,1,Friday,11201,2,2012,1.0
2012-02-04,0,,,0,0,0,1,0,0,Saturday,11202,2,2012,1.0
2012-02-05,0,SuperBowl,Sporting,1,1,0,1,1,1,Sunday,11202,2,2012,1.0
2012-02-06,0,,,0,0,0,1,1,1,Monday,11202,2,2012,1.0
2012-02-07,0,,,0,0,0,1,1,0,Tuesday,11202,2,2012,1.0
2012-02-08,0,,,0,0,0,1,0,1,Wednesday,11202,2,2012,1.0
2012-02-09,0,,,0,0,0,1,1,1,Thursday,11202,2,2012,1.0
2012-02-10,0,,,0,0,0,1,0,0,Friday,11202,2,2012,1.0
2012-02-11,0,,,0,0,0,0,1,1,Saturday,11203,2,2012,1.0
2012-02-12,0,,,0,0,0,0,1,1,Sunday,11203,2,2012,1.0
2012-02-13,0,,,0,0,0,0,1,0,Monday,11203,2,2012,1.0
2012-02-14,0,ValentinesDay,Cultural,1,1,1,0,0,1,Tuesday,11203,2,2012,1.0
2012-02-15,0,,,0,0,0,0,1,1,Wednesday,11203,2,2012,1.0
2012-02-16,0,,,0,0,0,0,0,0,Thursday,11203,2,2012,1.0
2012-02-17,0,,,0,0,0,0,0,0,Friday,11203,2,2012,1.0
2012-02-18,0,,,0,0,0,0,0,0,Saturday,11204,2,2012,1.0
2012-02-19,0,,,0,0,0,0,0,0,Sunday,11204,2,2012,1.0
2012-02-20,0,PresidentsDay,National,1,1,0,0,0,0,Monday,11204,2,2012,1.0
2012-02-21,0,,,0,0,0,0,0,0,Tuesday,11204,2,2012,1.0
2012-02-22,0,LentStart,Religious,1,1,0,0,0,0,Wednesday,11204,2,2012,1.0
2012-02-23,0,,,0,0,0,0,0,0,Thursday,11204,2,2012,1.0
2012-02-24,0,,,0,0,0,0,0,0,Friday,11204,2,2012,1.0
2012-02-25,0,,,0,0,0,0,0,0,Saturday,11205,2,2012,1.0
2012-02-26,0,,,0,0,0,0,0,0,Sunday,11205,2,2012,1.0
2012-02-27,0,,,0,0,0,0,0,0,Monday,11205,2,2012,1.0
2012-02-28,0,,,0,0,0,0,0,0,Tuesday,11205,2,2012,1.0
2012-02-29,0,LentWeek2,Religious,1,1,0,0,0,0,Wednesday,11205,2,2012,1.0
2012-03-01,0,,,0,0,0,1,1,0,Thursday,11205,3,2012,1.0
2012-03-02,0,,,0,0,0,1,0,1,Friday,11205,3,2012,1.0
2012-03-03,0,,,0,0,0,1,1,1,Saturday,11206,3,2012,1.0
2012-03-04,0,,,0,0,0,1,0,0,Sunday,11206,3,2012,1.0
2012-03-05,0,,,0,0,0,1,1,1,Monday,11206,3,2012,1.0
2012-03-06,0,,,0,0,0,1,1,1,Tuesday,11206,3,2012,1.0
2012-03-07,0,,,0,0,0,1,1,0,Wednesday,11206,3,2012,1.0
2012-03-08,0,Purim End,Religious,1,1,0,1,0,1,Thursday,11206,3,2012,1.0
2012-03-09,0,,,0,0,0,1,1,1,Friday,11206,3,2012,1.0
2012-03-10,0,,,0,0,0,1,0,0,Saturday,11207,3,2012,1.0
2012-03-11,0,,,0,0,0,0,1,1,Sunday,11207,3,2012,1.0
2012-03-12,0,,,0,0,0,0,1,1,Monday,11207,3,2012,1.0
2012-03-13,0,,,0,0,0,0,1,0,Tuesday,11207,3,2012,1.0
2012-03-14,0,,,0,0,0,0,0,1,Wednesday,11207,3,2012,1.0
2012-03-15,0,,,0,0,0,0,1,1,Thursday,11207,3,2012,1.0
2012-03-16,0,,,0,0,0,0,0,0,Friday,11207,3,2012,1.0
2012-03-17,0,StPatricksDay,Cultural,1,1,1,0,0,0,Saturday,11208,3,2012,1.0
2012-03-18,0,,,0,0,0,0,0,0,Sunday,11208,3,2012,1.0
2012-03-19,0,,,0,0,0,0,0,0,Monday,11208,3,2012,1.0
2012-03-20,0,,,0,0,0,0,0,0,Tuesday,11208,3,2012,1.0
2012-03-21,0,,,0,0,0,0,0,0,Wednesday,11208,3,2012,1.0
2012-03-22,0,,,0,0,0,0,0,0,Thursday,11208,3,2012,1.0
2012-03-23,0,,,0,0,0,0,0,0,Friday,11208,3,2012,1.0
2012-03-24,0,,,0,0,0,0,0,0,Saturday,11209,3,2012,1.0
2012-03-25,0,,,0,0,0,0,0,0,Sunday,11209,3,2012,1.0
2012-03-26,0,,,0,0,0,0,0,0,Monday,11209,3,2012,1.0
2012-03-27,0,,,0,0,0,0,0,0,Tuesday,11209,3,2012,1.0
2012-03-28,0,,,0,0,0,0,0,0,Wednesday,11209,3,2012,1.0
2012-03-29,0,,,0,0,0,0,0,0,Thursday,11209,3,2012,1.0
2012-03-30,0,,,0,0,0,0,0,0,Friday,11209,3,2012,1.0
2012-03-31,0,,,0,0,0,0,0,0,Saturday,11210,3,2012,1.0
2012-04-01,0,,,0,0,0,1,1,0,Sunday,11210,4,2012,1.0
2012-04-02,0,,,0,0,0,1,0,1,Monday,11210,4,2012,1.0
2012-04-03,0,,,0,0,0,1,1,1,Tuesday,11210,4,2012,1.0
2012-04-04,0,,,0,0,0,1,0,0,Wednesday,11210,4,2012,1.0
2012-04-05,0,,,0,0,0,1,1,1,Thursday,11210,4,2012,1.0
2012-04-06,0,,,0,0,0,1,1,1,Friday,11210,4,2012,1.0
2012-04-07,0,,,0,0,0,1,1,0,Saturday,11211,4,2012,1.0
2012-04-08,0,Easter,Cultural,1,1,1,1,0,1,Sunday,11211,4,2012,1.0
2012-04-09,0,,,0,0,0,1,1,1,Monday,11211,4,2012,1.0
2012-04-10,0,,,0,0,0,1,0,0,Tuesday,11211,4,2012,1.0
2012-04-11,0,,,0,0,0,0,1,1,Wednesday,11211,4,2012,1.0
2012-04-12,0,,,0,0,0,0,1,1,Thursday,11211,4,2012,1.0
2012-04-13,0,,,0,0,0,0,1,0,Friday,11211,4,2012,1.0
2012-04-14,0,Pesach End,Religious,1,1,0,0,0,1,Saturday,11212,4,2012,1.0
2012-04-15,0,OrthodoxEaster,Religious,1,1,0,0,1,1,Sunday,11212,4,2012,1.0
2012-04-16,0,,,0,0,0,0,0,0,Monday,11212,4,2012,1.0
2012-04-17,0,,,0,0,0,0,0,0,Tuesday,11212,4,2012,1.0
2012-04-18,0,,,0,0,0,0,0,0,Wednesday,11212,4,2012,1.0
2012-04-19,0,,,0,0,0,0,0,0,Thursday,11212,4,2012,1.0
2012-04-20,0,,,0,0,0,0,0,0,Friday,11212,4,2012,1.0
2012-04-21,0,,,0,0,0,0,0,0,Saturday,11213,4,2012,1.0
2012-04-22,0,,,0,0,0,0,0,0,Sunday,11213,4,2012,1.0
2012-04-23,0,,,0,0,0,0,0,0,Monday,11213,4,2012,1.0
2012-04-24,0,,,0,0,0,0,0,0,Tuesday,11213,4,2012,1.0
2012-04-25,0,,,0,0,0,0,0,0,Wednesday,11213,4,2012,1.0
2012-04-26,0,,,0,0,0,0,0,0,Thursday,11213,4,2012,1.0
2012-04-27,0,,,0,0,0,0,0,0,Friday,11213,4,2012,1.0
2012-04-28,0,,,0,0,0,0,0,0,Saturday,11214,4,2012,1.0
2012-04-29,0,,,0,0,0,0,0,0,Sunday,11214,4,2012,1.0
2012-04-30,0,,,0,0,0,0,0,0,Monday,11214,4,2012,1.0
2012-05-01,0,,,0,0,0,1,1,0,Tuesday,11214,5,2012,1.0
2012-05-02,0,,,0,0,0,1,0,1,Wednesday,11214,5,2012,1.0
2012-05-03,0,,,0,0,0,1,1,1,Thursday,11214,5,2012,1.0
2012-05-04,0,,,0,0,0,1,0,0,Friday,11214,5,2012,1.0
2012-05-05,0,Cinco De Mayo,Cultural,1,1,1,1,1,1,Saturday,11215,5,2012,1.0
2012-05-06,0,,,0,0,0,1,1,1,Sunday,11215,5,2012,1.0
2012-05-07,0,,,0,0,0,1,1,0,Monday,11215,5,2012,1.0
2012-05-08,0,,,0,0,0,1,0,1,Tuesday,11215,5,2012,1.0
2012-05-09,0,,,0,0,0,1,1,1,Wednesday,11215,5,2012,1.0
2012-05-10,0,,,0,0,0,1,0,0,Thursday,11215,5,2012,1.0
2012-05-11,0,,,0,0,0,0,1,1,Friday,11215,5,2012,1.0
2012-05-12,0,,,0,0,0,0,1,1,Saturday,11216,5,2012,1.0
2012-05-13,0,Mother's day,Cultural,1,1,1,0,1,0,Sunday,11216,5,2012,1.0
2012-05-14,0,,,0,0,0,0,0,1,Monday,11216,5,2012,1.0
2012-05-15,0,,,0,0,0,0,1,1,Tuesday,11216,5,2012,1.0
2012-05-16,0,,,0,0,0,0,0,0,Wednesday,11216,5,2012,1.0
2012-05-17,0,,,0,0,0,0,0,0,Thursday,11216,5,2012,1.0
2012-05-18,0,,,0,0,0,0,0,0,Friday,11216,5,2012,1.0
2012-05-19,0,,,0,0,0,0,0,0,Saturday,11217,5,2012,1.0
2012-05-20,0,,,0,0,0,0,0,0,Sunday,11217,5,2012,1.0
2012-05-21,0,,,0,0,0,0,0,0,Monday,11217,5,2012,1.0
2012-05-22,0,,,0,0,0,0,0,0,Tuesday,11217,5,2012,1.0
2012-05-23,0,,,0,0,0,0,0,0,Wednesday,11217,5,2012,1.0
2012-05-24,0,,,0,0,0,0,0,0,Thursday,11217,5,2012,1.0
2012-05-25,0,,,0,0,0,0,0,0,Friday,11217,5,2012,1.0
2012-05-26,0,,,0,0,0,0,0,0,Saturday,11218,5,2012,1.0
2012-05-27,0,,,0,0,0,0,0,0,Sunday,11218,5,2012,1.0
2012-05-28,0,MemorialDay,National,1,1,0,0,0,0,Monday,11218,5,2012,1.0
2012-05-29,0,,,0,0,0,0,0,0,Tuesday,11218,5,2012,1.0
2012-05-30,0,,,0,0,0,0,0,0,Wednesday,11218,5,2012,1.0
2012-05-31,0,,,0,0,0,0,0,0,Thursday,11218,5,2012,1.0
2012-06-01,0,,,0,0,0,1,1,0,Friday,11218,6,2012,1.0
2012-06-02,0,,,0,0,0,1,0,1,Saturday,11219,6,2012,1.0
2012-06-03,0,,,0,0,0,1,1,1,Sunday,11219,6,2012,1.0
2012-06-04,0,,,0,0,0,1,0,0,Monday,11219,6,2012,1.0
2012-06-05,0,,,0,0,0,1,1,1,Tuesday,11219,6,2012,1.0
2012-06-06,0,,,0,0,0,1,1,1,Wednesday,11219,6,2012,1.0
2012-06-07,0,,,0,0,0,1,1,0,Thursday,11219,6,2012,1.0
2012-06-08,0,,,0,0,0,1,0,1,Friday,11219,6,2012,1.0
2012-06-09,0,,,0,0,0,1,1,1,Saturday,11220,6,2012,1.0
2012-06-10,0,,,0,0,0,1,0,0,Sunday,11220,6,2012,1.0
2012-06-11,0,,,0,0,0,0,1,1,Monday,11220,6,2012,1.0
2012-06-12,0,NBAFinalsStart,Sporting,1,1,0,0,1,1,Tuesday,11220,6,2012,1.0
2012-06-13,0,,,0,0,0,0,1,0,Wednesday,11220,6,2012,1.0
2012-06-14,0,,,0,0,0,0,0,1,Thursday,11220,6,2012,1.0
2012-06-15,0,,,0,0,0,0,1,1,Friday,11220,6,2012,1.0
2012-06-16,0,,,0,0,0,0,0,0,Saturday,11221,6,2012,1.0
2012-06-17,0,Father's day,Cultural,1,1,1,0,0,0,Sunday,11221,6,2012,1.0
2012-06-18,0,,,0,0,0,0,0,0,Monday,11221,6,2012,1.0
2012-06-19,0,,,0,0,0,0,0,0,Tuesday,11221,6,2012,1.0
2012-06-20,0,,,0,0,0,0,0,0,Wednesday,11221,6,2012,1.0
2012-06-21,0,NBAFinalsEnd,Sporting,1,1,0,0,0,0,Thursday,11221,6,2012,1.0
2012-06-22,0,,,0,0,0,0,0,0,Friday,11221,6,2012,1.0
2012-06-23,0,,,0,0,0,0,0,0,Saturday,11222,6,2012,1.0
2012-06-24,0,,,0,0,0,0,0,0,Sunday,11222,6,2012,1.0
2012-06-25,0,,,0,0,0,0,0,0,Monday,11222,6,2012,1.0
2012-06-26,0,,,0,0,0,0,0,0,Tuesday,11222,6,2012,1.0
2012-06-27,0,,,0,0,0,0,0,0,Wednesday,11222,6,2012,1.0
2012-06-28,0,,,0,0,0,0,0,0,Thursday,11222,6,2012,1.0
2012-06-29,0,,,0,0,0,0,0,0,Friday,11222,6,2012,1.0
2012-06-30,0,,,0,0,0,0,0,0,Saturday,11223,6,2012,1.0
2012-07-01,0,,,0,0,0,1,1,0,Sunday,11223,7,2012,1.0
2012-07-02,0,,,0,0,0,1,0,1,Monday,11223,7,2012,1.0
2012-07-03,0,,,0,0,0,1,1,1,Tuesday,11223,7,2012,1.0
2012-07-04,0,IndependenceDay,National,1,1,0,1,0,0,Wednesday,11223,7,2012,1.0
2012-07-05,0,,,0,0,0,1,1,1,Thursday,11223,7,2012,1.0
2012-07-06,0,,,0,0,0,1,1,1,Friday,11223,7,2012,1.0
2012-07-07,0,,,0,0,0,1,1,0,Saturday,11224,7,2012,1.0
2012-07-08,0,,,0,0,0,1,0,1,Sunday,11224,7,2012,1.0
2012-07-09,0,,,0,0,0,1,1,1,Monday,11224,7,2012,1.0
2012-07-10,0,,,0,0,0,1,0,0,Tuesday,11224,7,2012,1.0
2012-07-11,0,,,0,0,0,0,1,1,Wednesday,11224,7,2012,1.0
2012-07-12,0,,,0,0,0,0,1,1,Thursday,11224,7,2012,1.0
2012-07-13,0,,,0,0,0,0,1,0,Friday,11224,7,2012,1.0
2012-07-14,0,,,0,0,0,0,0,1,Saturday,11225,7,2012,1.0
2012-07-15,0,,,0,0,0,0,1,1,Sunday,11225,7,2012,1.0
2012-07-16,0,,,0,0,0,0,0,0,Monday,11225,7,2012,1.0
2012-07-17,0,,,0,0,0,0,0,0,Tuesday,11225,7,2012,1.0
2012-07-18,0,,,0,0,0,0,0,0,Wednesday,11225,7,2012,1.0
2012-07-19,0,,,0,0,0,0,0,0,Thursday,11225,7,2012,1.0
2012-07-20,0,Ramadan starts,Religious,1,1,0,0,0,0,Friday,11225,7,2012,1.0
2012-07-21,0,,,0,0,0,0,0,0,Saturday,11226,7,2012,1.0
2012-07-22,0,,,0,0,0,0,0,0,Sunday,11226,7,2012,1.0
2012-07-23,0,,,0,0,0,0,0,0,Monday,11226,7,2012,1.0
2012-07-24,0,,,0,0,0,0,0,0,Tuesday,11226,7,2012,1.0
2012-07-25,0,,,0,0,0,0,0,0,Wednesday,11226,7,2012,1.0
2012-07-26,0,,,0,0,0,0,0,0,Thursday,11226,7,2012,1.0
2012-07-27,0,,,0,0,0,0,0,0,Friday,11226,7,2012,1.0
2012-07-28,0,,,0,0,0,0,0,0,Saturday,11227,7,2012,1.0
2012-07-29,0,,,0,0,0,0,0,0,Sunday,11227,7,2012,1.0
2012-07-30,0,,,0,0,0,0,0,0,Monday,11227,7,2012,1.0
2012-07-31,0,,,0,0,0,0,0,0,Tuesday,11227,7,2012,1.0
2012-08-01,0,,,0,0,0,1,1,0,Wednesday,11227,8,2012,1.0
2012-08-02,0,,,0,0,0,1,0,1,Thursday,11227,8,2012,1.0
2012-08-03,0,,,0,0,0,1,1,1,Friday,11227,8,2012,1.0
2012-08-04,0,,,0,0,0,1,0,0,Saturday,11228,8,2012,1.0
2012-08-05,0,,,0,0,0,1,1,1,Sunday,11228,8,2012,1.0
2012-08-06,0,,,0,0,0,1,1,1,Monday,11228,8,2012,1.0
2012-08-07,0,,,0,0,0,1,1,0,Tuesday,11228,8,2012,1.0
2012-08-08,0,,,0,0,0,1,0,1,Wednesday,11228,8,2012,1.0
2012-08-09,0,,,0,0,0,1,1,1,Thursday,11228,8,2012,1.0
2012-08-10,0,,,0,0,0,1,0,0,Friday,11228,8,2012,1.0
2012-08-11,0,,,0,0,0,0,1,1,Saturday,11229,8,2012,1.0
2012-08-12,0,,,0,0,0,0,1,1,Sunday,11229,8,2012,1.0
2012-08-13,0,,,0,0,0,0,1,0,Monday,11229,8,2012,1.0
2012-08-14,0,,,0,0,0,0,0,1,Tuesday,11229,8,2012,1.0
2012-08-15,0,,,0,0,0,0,1,1,Wednesday,11229,8,2012,1.0
2012-08-16,0,,,0,0,0,0,0,0,Thursday,11229,8,2012,1.0
2012-08-17,0,,,0,0,0,0,0,0,Friday,11229,8,2012,1.0
2012-08-18,0,,,0,0,0,0,0,0,Saturday,11230,8,2012,1.0
2012-08-19,0,Eid al-Fitr,Religious,1,1,0,0,0,0,Sunday,11230,8,2012,1.0
2012-08-20,0,,,0,0,0,0,0,0,Monday,11230,8,2012,1.0
2012-08-21,0,,,0,0,0,0,0,0,Tuesday,11230,8,2012,1.0
2012-08-22,0,,,0,0,0,0,0,0,Wednesday,11230,8,2012,1.0
2012-08-23,0,,,0,0,0,0,0,0,Thursday,11230,8,2012,1.0
2012-08-24,0,,,0,0,0,0,0,0,Friday,11230,8,2012,1.0
2012-08-25,0,,,0,0,0,0,0,0,Saturday,11231,8,2012,1.0
2012-08-26,0,,,0,0,0,0,0,0,Sunday,11231,8,2012,1.0
2012-08-27,0,,,0,0,0,0,0,0,Monday,11231,8,2012,1.0
2012-08-28,0,,,0,0,0,0,0,0,Tuesday,11231,8,2012,1.0
2012-08-29,0,,,0,0,0,0,0,0,Wednesday,11231,8,2012,1.0
2012-08-30,0,,,0,0,0,0,0,0,Thursday,11231,8,2012,1.0
2012-08-31,0,,,0,0,0,0,0,0,Friday,11231,8,2012,1.0
2012-09-01,0,,,0,0,0,1,1,0,Saturday,11232,9,2012,1.0
2012-09-02,0,,,0,0,0,1,0,1,Sunday,11232,9,2012,1.0
2012-09-03,0,LaborDay,National,1,1,0,1,1,1,Monday,11232,9,2012,1.0
2012-09-04,0,,,0,0,0,1,0,0,Tuesday,11232,9,2012,1.0
2012-09-05,0,,,0,0,0,1,1,1,Wednesday,11232,9,2012,1.0
2012-09-06,0,,,0,0,0,1,1,1,Thursday,11232,9,2012,1.0
2012-09-07,0,,,0,0,0,1,1,0,Friday,11232,9,2012,1.0
2012-09-08,0,,,0,0,0,1,0,1,Saturday,11233,9,2012,1.0
2012-09-09,0,,,0,0,0,1,1,1,Sunday,11233,9,2012,1.0
2012-09-10,0,,,0,0,0,1,0,0,Monday,11233,9,2012,1.0
2012-09-11,0,,,0,0,0,0,1,1,Tuesday,11233,9,2012,1.0
2012-09-12,0,,,0,0,0,0,1,1,Wednesday,11233,9,2012,1.0
2012-09-13,0,,,0,0,0,0,1,0,Thursday,11233,9,2012,1.0
2012-09-14,0,,,0,0,0,0,0,1,Friday,11233,9,2012,1.0
2012-09-15,0,,,0,0,0,0,1,1,Saturday,11234,9,2012,1.0
2012-09-16,0,,,0,0,0,0,0,0,Sunday,11234,9,2012,1.0
2012-09-17,0,,,0,0,0,0,0,0,Monday,11234,9,2012,1.0
2012-09-18,0,,,0,0,0,0,0,0,Tuesday,11234,9,2012,1.0
2012-09-19,0,,,0,0,0,0,0,0,Wednesday,11234,9,2012,1.0
2012-09-20,0,,,0,0,0,0,0,0,Thursday,11234,9,2012,1.0
2012-09-21,0,,,0,0,0,0,0,0,Friday,11234,9,2012,1.0
2012-09-22,0,,,0,0,0,0,0,0,Saturday,11235,9,2012,1.0
2012-09-23,0,,,0,0,0,0,0,0,Sunday,11235,9,2012,1.0
2012-09-24,0,,,0,0,0,0,0,0,Monday,11235,9,2012,1.0
2012-09-25,0,,,0,0,0,0,0,0,Tuesday,11235,9,2012,1.0
2012-09-26,0,,,0,0,0,0,0,0,Wednesday,11235,9,2012,1.0
2012-09-27,0,,,0,0,0,0,0,0,Thursday,11235,9,2012,1.0
2012-09-28,0,,,0,0,0,0,0,0,Friday,11235,9,2012,1.0
2012-09-29,0,,,0,0,0,0,0,0,Saturday,11236,9,2012,1.0
2012-09-30,0,,,0,0,0,0,0,0,Sunday,11236,9,2012,1.0
2012-10-01,0,,,0,0,0,1,1,0,Monday,11236,10,2012,1.0
2012-10-02,0,,,0,0,0,1,0,1,Tuesday,11236,10,2012,1.0
2012-10-03,0,,,0,0,0,1,1,1,Wednesday,11236,10,2012,1.0
2012-10-04,0,,,0,0,0,1,0,0,Thursday,11236,10,2012,1.0
2012-10-05,0,,,0,0,0,1,1,1,Friday,11236,10,2012,1.0
2012-10-06,0,,,0,0,0,1,1,1,Saturday,11237,10,2012,1.0
2012-10-07,0,,,0,0,0,1,1,0,Sunday,11237,10,2012,1.0
2012-10-08,0,ColumbusDay,National,1,1,0,1,0,1,Monday,11237,10,2012,1.0
2012-10-09,0,,,0,0,0,1,1,1,Tuesday,11237,10,2012,1.0
2012-10-10,0,,,0,0,0,1,0,0,Wednesday,11237,10,2012,1.0
2012-10-11,0,,,0,0,0,0,1,1,Thursday,11237,10,2012,1.0
2012-10-12,0,,,0,0,0,0,1,1,Friday,11237,10,2012,1.0
2012-10-13,0,,,0,0,0,0,1,0,Saturday,11238,10,2012,1.0
2012-10-14,0,,,0,0,0,0,0,1,Sunday,11238,10,2012,1.0
2012-10-15,0,,,0,0,0,0,1,1,Monday,11238,10,2012,1.0
2012-10-16,0,,,0,0,0,0,0,0,Tuesday,11238,10,2012,1.0
2012-10-17,0,,,0,0,0,0,0,0,Wednesday,11238,10,2012,1.0
2012-10-18,0,,,0,0,0,0,0,0,Thursday,11238,10,2012,1.0
2012-10-19,0,,,0,0,0,0,0,0,Friday,11238,10,2012,1.0
2012-10-20,0,,,0,0,0,0,0,0,Saturday,11239,10,2012,1.0
2012-10-21,0,,,0,0,0,0,0,0,Sunday,11239,10,2012,1.0
2012-10-22,0,,,0,0,0,0,0,0,Monday,11239,10,2012,1.0
2012-10-23,0,,,0,0,0,0,0,0,Tuesday,11239,10,2012,1.0
2012-10-24,0,,,0,0,0,0,0,0,Wednesday,11239,10,2012,1.0
2012-10-25,0,,,0,0,0,0,0,0,Thursday,11239,10,2012,1.0
2012-10-26,0,EidAlAdha,Religious,1,1,0,0,0,0,Friday,11239,10,2012,1.0
2012-10-27,0,,,0,0,0,0,0,0,Saturday,11240,10,2012,1.0
2012-10-28,0,,,0,0,0,0,0,0,Sunday,11240,10,2012,1.0
2012-10-29,0,,,0,0,0,0,0,0,Monday,11240,10,2012,1.0
2012-10-30,0,,,0,0,0,0,0,0,Tuesday,11240,10,2012,1.0
2012-10-31,0,Halloween,Cultural,1,1,1,0,0,0,Wednesday,11240,10,2012,1.0
2012-11-01,0,,,0,0,0,1,1,0,Thursday,11240,11,2012,1.0
2012-11-02,0,,,0,0,0,1,0,1,Friday,11240,11,2012,1.0
2012-11-03,0,,,0,0,0,1,1,1,Saturday,11241,11,2012,1.0
2012-11-04,0,,,0,0,0,1,0,0,Sunday,11241,11,2012,1.0
2012-11-05,0,,,0,0,0,1,1,1,Monday,11241,11,2012,1.0
2012-11-06,0,,,0,0,0,1,1,1,Tuesday,11241,11,2012,1.0
2012-11-07,0,,,0,0,0,1,1,0,Wednesday,11241,11,2012,1.0
2012-11-08,0,,,0,0,0,1,0,1,Thursday,11241,11,2012,1.0
2012-11-09,0,,,0,0,0,1,1,1,Friday,11241,11,2012,1.0
2012-11-10,0,,,0,0,0,1,0,0,Saturday,11242,11,2012,1.0
2012-11-11,0,VeteransDay,National,1,1,0,0,1,1,Sunday,11242,11,2012,1.0
2012-11-12,0,,,0,0,0,0,1,1,Monday,11242,11,2012,1.0
2012-11-13,0,,,0,0,0,0,1,0,Tuesday,11242,11,2012,1.0
2012-11-14,0,,,0,0,0,0,0,1,Wednesday,11242,11,2012,1.0
2012-11-15,0,,,0,0,0,0,1,1,Thursday,11242,11,2012,1.0
2012-11-16,0,,,0,0,0,0,0,0,Friday,11242,11,2012,1.0
2012-11-17,0,,,0,0,0,0,0,0,Saturday,11243,11,2012,1.0
2012-11-18,0,,,0,0,0,0,0,0,Sunday,11243,11,2012,1.0
2012-11-19,0,,,0,0,0,0,0,0,Monday,11243,11,2012,1.0
2012-11-20,0,,,0,0,0,0,0,0,Tuesday,11243,11,2012,1.0
2012-11-21,0,,,0,0,0,0,0,0,Wednesday,11243,11,2012,1.0
2012-11-22,0,Thanksgiving,National,1,1,0,0,0,0,Thursday,11243,11,2012,1.0
2012-11-23,0,,,0,0,0,0,0,0,Friday,11243,11,2012,1.0
2012-11-24,0,,,0,0,0,0,0,0,Saturday,11244,11,2012,1.0
2012-11-25,0,,,0,0,0,0,0,0,Sunday,11244,11,2012,1.0
2012-11-26,0,,,0,0,0,0,0,0,Monday,11244,11,2012,1.0
2012-11-27,0,,,0,0,0,0,0,0,Tuesday,11244,11,2012,1.0
2012-11-28,0,,,0,0,0,0,0,0,Wednesday,11244,11,2012,1.0
2012-11-29,0,,,0,0,0,0,0,0,Thursday,11244,11,2012,1.0
2012-11-30,0,,,0,0,0,0,0,0,Friday,11244,11,2012,1.0
2012-12-01,0,,,0,0,0,1,1,0,Saturday,11245,12,2012,1.0
2012-12-02,0,,,0,0,0,1,0,1,Sunday,11245,12,2012,1.0
2012-12-03,0,,,0,0,0,1,1,1,Monday,11245,12,2012,1.0
2012-12-04,0,,,0,0,0,1,0,0,Tuesday,11245,12,2012,1.0
2012-12-05,0,,,0,0,0,1,1,1,Wednesday,11245,12,2012,1.0
2012-12-06,0,,,0,0,0,1,1,1,Thursday,11245,12,2012,1.0
2012-12-07,0,,,0,0,0,1,1,0,Friday,11245,12,2012,1.0
2012-12-08,0,,,0,0,0,1,0,1,Saturday,11246,12,2012,1.0
2012-12-09,0,,,0,0,0,1,1,1,Sunday,11246,12,2012,1.0
2012-12-10,0,,,0,0,0,1,0,0,Monday,11246,12,2012,1.0
2012-12-11,0,,,0,0,0,0,1,1,Tuesday,11246,12,2012,1.0
2012-12-12,0,,,0,0,0,0,1,1,Wednesday,11246,12,2012,1.0
2012-12-13,0,,,0,0,0,0,1,0,Thursday,11246,12,2012,1.0
2012-12-14,0,,,0,0,0,0,0,1,Friday,11246,12,2012,1.0
2012-12-15,0,,,0,0,0,0,1,1,Saturday,11247,12,2012,1.0
2012-12-16,0,Chanukah End,Religious,1,1,0,0,0,0,Sunday,11247,12,2012,1.0
2012-12-17,0,,,0,0,0,0,0,0,Monday,11247,12,2012,1.0
2012-12-18,0,,,0,0,0,0,0,0,Tuesday,11247,12,2012,1.0
2012-12-19,0,,,0,0,0,0,0,0,Wednesday,11247,12,2012,1.0
2012-12-20,0,,,0,0,0,0,0,0,Thursday,11247,12,2012,1.0
2012-12-21,0,,,0,0,0,0,0,0,Friday,11247,12,2012,1.0
2012-12-22,0,,,0,0,0,0,0,0,Saturday,11248,12,2012,1.0
2012-12-23,0,,,0,0,0,0,0,0,Sunday,11248,12,2012,1.0
2012-12-24,0,,,0,0,0,0,0,0,Monday,11248,12,2012,1.0
2012-12-25,0,Christmas,National,1,1,0,0,0,0,Tuesday,11248,12,2012,1.0
2012-12-26,0,,,0,0,0,0,0,0,Wednesday,11248,12,2012,1.0
2012-12-27,0,,,0,0,0,0,0,0,Thursday,11248,12,2012,1.0
2012-12-28,0,,,0,0,0,0,0,0,Friday,11248,12,2012,1.0
2012-12-29,0,,,0,0,0,0,0,0,Saturday,11249,12,2012,1.0
2012-12-30,0,,,0,0,0,0,0,0,Sunday,11249,12,2012,1.0
2012-12-31,0,,,0,0,0,0,0,0,Monday,11249,12,2012,1.0
2013-01-01,0,NewYear,National,1,1,0,1,1,0,Tuesday,11249,1,2013,1.0
2013-01-02,0,,,0,0,0,1,0,1,Wednesday,11249,1,2013,1.0
2013-01-03,0,,,0,0,0,1,1,1,Thursday,11249,1,2013,1.0
2013-01-04,0,,,0,0,0,1,0,0,Friday,11249,1,2013,1.0
2013-01-05,0,,,0,0,0,1,1,1,Saturday,11250,1,2013,1.0
2013-01-06,0,,,0,0,0,1,1,1,Sunday,11250,1,2013,1.0
2013-01-07,0,OrthodoxChristmas,Religious,1,1,0,1,1,0,Monday,11250,1,2013,1.0
2013-01-08,0,,,0,0,0,1,0,1,Tuesday,11250,1,2013,1.0
2013-01-09,0,,,0,0,0,1,1,1,Wednesday,11250,1,2013,1.0
2013-01-10,0,,,0,0,0,1,0,0,Thursday,11250,1,2013,1.0
2013-01-11,0,,,0,0,0,0,1,1,Friday,11250,1,2013,1.0
2013-01-12,0,,,0,0,0,0,1,1,Saturday,11251,1,2013,1.0
2013-01-13,0,,,0,0,0,0,1,0,Sunday,11251,1,2013,1.0
2013-01-14,0,,,0,0,0,0,0,1,Monday,11251,1,2013,1.0
2013-01-15,0,,,0,0,0,0,1,1,Tuesday,11251,1,2013,1.0
2013-01-16,0,,,0,0,0,0,0,0,Wednesday,11251,1,2013,1.0
2013-01-17,0,,,0,0,0,0,0,0,Thursday,11251,1,2013,1.0
2013-01-18,0,,,0,0,0,0,0,0,Friday,11251,1,2013,1.0
2013-01-19,0,,,0,0,0,0,0,0,Saturday,11252,1,2013,1.0
2013-01-20,0,,,0,0,0,0,0,0,Sunday,11252,1,2013,1.0
2013-01-21,0,MartinLutherKingDay,National,1,1,0,0,0,0,Monday,11252,1,2013,1.0
2013-01-22,0,,,0,0,0,0,0,0,Tuesday,11252,1,2013,1.0
2013-01-23,0,,,0,0,0,0,0,0,Wednesday,11252,1,2013,1.0
2013-01-24,0,,,0,0,0,0,0,0,Thursday,11252,1,2013,1.0
2013-01-25,0,,,0,0,0,0,0,0,Friday,11252,1,2013,1.0
2013-01-26,0,,,0,0,0,0,0,0,Saturday,11301,1,2013,1.0
2013-01-27,0,,,0,0,0,0,0,0,Sunday,11301,1,2013,1.0
2013-01-28,0,,,0,0,0,0,0,0,Monday,11301,1,2013,1.0
2013-01-29,0,,,0,0,0,0,0,0,Tuesday,11301,1,2013,1.0
2013-01-30,0,,,0,0,0,0,0,0,Wednesday,11301,1,2013,1.0
2013-01-31,0,,,0,0,0,0,0,0,Thursday,11301,1,2013,1.0
2013-02-01,0,,,0,0,0,1,1,0,Friday,11301,2,2013,1.0
2013-02-02,0,,,0,0,0,1,0,1,Saturday,11302,2,2013,1.0
2013-02-03,0,SuperBowl,Sporting,1,1,0,1,1,1,Sunday,11302,2,2013,1.0
2013-02-04,0,,,0,0,0,1,0,0,Monday,11302,2,2013,1.0
2013-02-05,0,,,0,0,0,1,1,1,Tuesday,11302,2,2013,1.0
2013-02-06,0,,,0,0,0,1,1,1,Wednesday,11302,2,2013,1.0
2013-02-07,0,,,0,0,0,1,1,0,Thursday,11302,2,2013,1.0
2013-02-08,0,,,0,0,0,1,0,1,Friday,11302,2,2013,1.0
2013-02-09,0,,,0,0,0,1,1,1,Saturday,11303,2,2013,1.0
2013-02-10,0,,,0,0,0,1,0,0,Sunday,11303,2,2013,1.0
2013-02-11,0,,,0,0,0,0,1,1,Monday,11303,2,2013,1.0
2013-02-12,0,,,0,0,0,0,1,1,Tuesday,11303,2,2013,1.0
2013-02-13,0,LentStart,Religious,1,1,0,0,1,0,Wednesday,11303,2,2013,1.0
2013-02-14,0,ValentinesDay,Cultural,1,1,1,0,0,1,Thursday,11303,2,2013,1.0
2013-02-15,0,,,0,0,0,0,1,1,Friday,11303,2,2013,1.0
2013-02-16,0,,,0,0,0,0,0,0,Saturday,11304,2,2013,1.0
2013-02-17,0,,,0,0,0,0,0,0,Sunday,11304,2,2013,1.0
2013-02-18,0,PresidentsDay,National,1,1,0,0,0,0,Monday,11304,2,2013,1.0
2013-02-19,0,,,0,0,0,0,0,0,Tuesday,11304,2,2013,1.0
2013-02-20,0,LentWeek2,Religious,1,1,0,0,0,0,Wednesday,11304,2,2013,1.0
2013-02-21,0,,,0,0,0,0,0,0,Thursday,11304,2,2013,1.0
2013-02-22,0,,,0,0,0,0,0,0,Friday,11304,2,2013,1.0
2013-02-23,0,,,0,0,0,0,0,0,Saturday,11305,2,2013,1.0
2013-02-24,0,Purim End,Religious,1,1,0,0,0,0,Sunday,11305,2,2013,1.0
2013-02-25,0,,,0,0,0,0,0,0,Monday,11305,2,2013,1.0
2013-02-26,0,,,0,0,0,0,0,0,Tuesday,11305,2,2013,1.0
2013-02-27,0,,,0,0,0,0,0,0,Wednesday,11305,2,2013,1.0
2013-02-28,0,,,0,0,0,0,0,0,Thursday,11305,2,2013,1.0
2013-03-01,0,,,0,0,0,1,1,0,Friday,11305,3,2013,1.0
2013-03-02,0,,,0,0,0,1,0,1,Saturday,11306,3,2013,1.0
2013-03-03,0,,,0,0,0,1,1,1,Sunday,11306,3,2013,1.0
2013-03-04,0,,,0,0,0,1,0,0,Monday,11306,3,2013,1.0
2013-03-05,0,,,0,0,0,1,1,1,Tuesday,11306,3,2013,1.0
2013-03-06,0,,,0,0,0,1,1,1,Wednesday,11306,3,2013,1.0
2013-03-07,0,,,0,0,0,1,1,0,Thursday,11306,3,2013,1.0
2013-03-08,0,,,0,0,0,1,0,1,Friday,11306,3,2013,1.0
2013-03-09,0,,,0,0,0,1,1,1,Saturday,11307,3,2013,1.0
2013-03-10,0,,,0,0,0,1,0,0,Sunday,11307,3,2013,1.0
2013-03-11,0,,,0,0,0,0,1,1,Monday,11307,3,2013,1.0
2013-03-12,0,,,0,0,0,0,1,1,Tuesday,11307,3,2013,1.0
2013-03-13,0,,,0,0,0,0,1,0,Wednesday,11307,3,2013,1.0
2013-03-14,0,,,0,0,0,0,0,1,Thursday,11307,3,2013,1.0
2013-03-15,0,,,0,0,0,0,1,1,Friday,11307,3,2013,1.0
2013-03-16,0,,,0,0,0,0,0,0,Saturday,11308,3,2013,1.0
2013-03-17,0,StPatricksDay,Cultural,1,1,1,0,0,0,Sunday,11308,3,2013,1.0
2013-03-18,0,,,0,0,0,0,0,0,Monday,11308,3,2013,1.0
2013-03-19,0,,,0,0,0,0,0,0,Tuesday,11308,3,2013,1.0
2013-03-20,0,,,0,0,0,0,0,0,Wednesday,11308,3,2013,1.0
2013-03-21,0,,,0,0,0,0,0,0,Thursday,11308,3,2013,1.0
2013-03-22,0,,,0,0,0,0,0,0,Friday,11308,3,2013,1.0
2013-03-23,0,,,0,0,0,0,0,0,Saturday,11309,3,2013,1.0
2013-03-24,0,,,0,0,0,0,0,0,Sunday,11309,3,2013,1.0
2013-03-25,0,,,0,0,0,0,0,0,Monday,11309,3,2013,1.0
2013-03-26,0,,,0,0,0,0,0,0,Tuesday,11309,3,2013,1.0
2013-03-27,0,,,0,0,0,0,0,0,Wednesday,11309,3,2013,1.0
2013-03-28,0,,,0,0,0,0,0,0,Thursday,11309,3,2013,1.0
2013-03-29,0,,,0,0,0,0,0,0,Friday,11309,3,2013,1.0
2013-03-30,0,,,0,0,0,0,0,0,Saturday,11310,3,2013,1.0
2013-03-31,0,Easter,Cultural,1,1,1,0,0,0,Sunday,11310,3,2013,1.0
2013-04-01,0,,,0,0,0,1,1,0,Monday,11310,4,2013,1.0
2013-04-02,0,Pesach End,Religious,1,1,0,1,0,1,Tuesday,11310,4,2013,1.0
2013-04-03,0,,,0,0,0,1,1,1,Wednesday,11310,4,2013,1.0
2013-04-04,0,,,0,0,0,1,0,0,Thursday,11310,4,2013,1.0
2013-04-05,0,,,0,0,0,1,1,1,Friday,11310,4,2013,1.0
2013-04-06,0,,,0,0,0,1,1,1,Saturday,11311,4,2013,1.0
2013-04-07,0,,,0,0,0,1,1,0,Sunday,11311,4,2013,1.0
2013-04-08,0,,,0,0,0,1,0,1,Monday,11311,4,2013,1.0
2013-04-09,0,,,0,0,0,1,1,1,Tuesday,11311,4,2013,1.0
2013-04-10,0,,,0,0,0,1,0,0,Wednesday,11311,4,2013,1.0
2013-04-11,0,,,0,0,0,0,1,1,Thursday,11311,4,2013,1.0
2013-04-12,0,,,0,0,0,0,1,1,Friday,11311,4,2013,1.0
2013-04-13,0,,,0,0,0,0,1,0,Saturday,11312,4,2013,1.0
2013-04-14,0,,,0,0,0,0,0,1,Sunday,11312,4,2013,1.0
2013-04-15,0,,,0,0,0,0,1,1,Monday,11312,4,2013,1.0
2013-04-16,0,,,0,0,0,0,0,0,Tuesday,11312,4,2013,1.0
2013-04-17,0,,,0,0,0,0,0,0,Wednesday,11312,4,2013,1.0
2013-04-18,0,,,0,0,0,0,0,0,Thursday,11312,4,2013,1.0
2013-04-19,0,,,0,0,0,0,0,0,Friday,11312,4,2013,1.0
2013-04-20,0,,,0,0,0,0,0,0,Saturday,11313,4,2013,1.0
2013-04-21,0,,,0,0,0,0,0,0,Sunday,11313,4,2013,1.0
2013-04-22,0,,,0,0,0,0,0,0,Monday,11313,4,2013,1.0
2013-04-23,0,,,0,0,0,0,0,0,Tuesday,11313,4,2013,1.0
2013-04-24,0,,,0,0,0,0,0,0,Wednesday,11313,4,2013,1.0
2013-04-25,0,,,0,0,0,0,0,0,Thursday,11313,4,2013,1.0
2013-04-26,0,,,0,0,0,0,0,0,Friday,11313,4,2013,1.0
2013-04-27,0,,,0,0,0,0,0,0,Saturday,11314,4,2013,1.0
2013-04-28,0,,,0,0,0,0,0,0,Sunday,11314,4,2013,1.0
2013-04-29,0,,,0,0,0,0,0,0,Monday,11314,4,2013,1.0
2013-04-30,0,,,0,0,0,0,0,0,Tuesday,11314,4,2013,1.0
2013-05-01,0,,,0,0,0,1,1,0,Wednesday,11314,5,2013,1.0
2013-05-02,0,,,0,0,0,1,0,1,Thursday,11314,5,2013,1.0
2013-05-03,0,,,0,0,0,1,1,1,Friday,11314,5,2013,1.0
2013-05-04,0,,,0,0,0,1,0,0,Saturday,11315,5,2013,1.0
2013-05-05,0,OrthodoxEaster,Religious,1,1,0,1,1,1,Sunday,11315,5,2013,1.0
2013-05-06,0,,,0,0,0,1,1,1,Monday,11315,5,2013,1.0
2013-05-07,0,,,0,0,0,1,1,0,Tuesday,11315,5,2013,1.0
2013-05-08,0,,,0,0,0,1,0,1,Wednesday,11315,5,2013,1.0
2013-05-09,0,,,0,0,0,1,1,1,Thursday,11315,5,2013,1.0
2013-05-10,0,,,0,0,0,1,0,0,Friday,11315,5,2013,1.0
2013-05-11,0,,,0,0,0,0,1,1,Saturday,11316,5,2013,1.0
2013-05-12,0,Mother's day,Cultural,1,1,1,0,1,1,Sunday,11316,5,2013,1.0
2013-05-13,0,,,0,0,0,0,1,0,Monday,11316,5,2013,1.0
2013-05-14,0,,,0,0,0,0,0,1,Tuesday,11316,5,2013,1.0
2013-05-15,0,,,0,0,0,0,1,1,Wednesday,11316,5,2013,1.0
2013-05-16,0,,,0,0,0,0,0,0,Thursday,11316,5,2013,1.0
2013-05-17,0,,,0,0,0,0,0,0,Friday,11316,5,2013,1.0
2013-05-18,0,,,0,0,0,0,0,0,Saturday,11317,5,2013,1.0
2013-05-19,0,,,0,0,0,0,0,0,Sunday,11317,5,2013,1.0
2013-05-20,0,,,0,0,0,0,0,0,Monday,11317,5,2013,1.0
2013-05-21,0,,,0,0,0,0,0,0,Tuesday,11317,5,2013,1.0
2013-05-22,0,,,0,0,0,0,0,0,Wednesday,11317,5,2013,1.0
2013-05-23,0,,,0,0,0,0,0,0,Thursday,11317,5,2013,1.0
2013-05-24,0,,,0,0,0,0,0,0,Friday,11317,5,2013,1.0
2013-05-25,0,,,0,0,0,0,0,0,Saturday,11318,5,2013,1.0
2013-05-26,0,,,0,0,0,0,0,0,Sunday,11318,5,2013,1.0
2013-05-27,0,MemorialDay,National,1,1,0,0,0,0,Monday,11318,5,2013,1.0
2013-05-28,0,,,0,0,0,0,0,0,Tuesday,11318,5,2013,1.0
2013-05-29,0,,,0,0,0,0,0,0,Wednesday,11318,5,2013,1.0
2013-05-30,0,,,0,0,0,0,0,0,Thursday,11318,5,2013,1.0
2013-05-31,0,,,0,0,0,0,0,0,Friday,11318,5,2013,1.0
2013-06-01,0,,,0,0,0,1,1,0,Saturday,11319,6,2013,1.0
2013-06-02,0,,,0,0,0,1,0,1,Sunday,11319,6,2013,1.0
2013-06-03,0,,,0,0,0,1,1,1,Monday,11319,6,2013,1.0
2013-06-04,0,,,0,0,0,1,0,0,Tuesday,11319,6,2013,1.0
2013-06-05,0,,,0,0,0,1,1,1,Wednesday,11319,6,2013,1.0
2013-06-06,0,NBAFinalsStart,Sporting,1,1,0,1,1,1,Thursday,11319,6,2013,1.0
2013-06-07,0,,,0,0,0,1,1,0,Friday,11319,6,2013,1.0
2013-06-08,0,,,0,0,0,1,0,1,Saturday,11320,6,2013,1.0
2013-06-09,0,,,0,0,0,1,1,1,Sunday,11320,6,2013,1.0
2013-06-10,0,,,0,0,0,1,0,0,Monday,11320,6,2013,1.0
2013-06-11,0,,,0,0,0,0,1,1,Tuesday,11320,6,2013,1.0
2013-06-12,0,,,0,0,0,0,1,1,Wednesday,11320,6,2013,1.0
2013-06-13,0,,,0,0,0,0,1,0,Thursday,11320,6,2013,1.0
2013-06-14,0,,,0,0,0,0,0,1,Friday,11320,6,2013,1.0
2013-06-15,0,,,0,0,0,0,1,1,Saturday,11321,6,2013,1.0
2013-06-16,0,Father's day,Cultural,1,1,1,0,0,0,Sunday,11321,6,2013,1.0
2013-06-17,0,,,0,0,0,0,0,0,Monday,11321,6,2013,1.0
2013-06-18,0,,,0,0,0,0,0,0,Tuesday,11321,6,2013,1.0
2013-06-19,0,,,0,0,0,0,0,0,Wednesday,11321,6,2013,1.0
2013-06-20,0,NBAFinalsEnd,Sporting,1,1,0,0,0,0,Thursday,11321,6,2013,1.0
2013-06-21,0,,,0,0,0,0,0,0,Friday,11321,6,2013,1.0
2013-06-22,0,,,0,0,0,0,0,0,Saturday,11322,6,2013,1.0
2013-06-23,0,,,0,0,0,0,0,0,Sunday,11322,6,2013,1.0
2013-06-24,0,,,0,0,0,0,0,0,Monday,11322,6,2013,1.0
2013-06-25,0,,,0,0,0,0,0,0,Tuesday,11322,6,2013,1.0
2013-06-26,0,,,0,0,0,0,0,0,Wednesday,11322,6,2013,1.0
2013-06-27,0,,,0,0,0,0,0,0,Thursday,11322,6,2013,1.0
2013-06-28,0,,,0,0,0,0,0,0,Friday,11322,6,2013,1.0
2013-06-29,0,,,0,0,0,0,0,0,Saturday,11323,6,2013,1.0
2013-06-30,0,,,0,0,0,0,0,0,Sunday,11323,6,2013,1.0
2013-07-01,0,,,0,0,0,1,1,0,Monday,11323,7,2013,1.0
2013-07-02,0,,,0,0,0,1,0,1,Tuesday,11323,7,2013,1.0
2013-07-03,0,,,0,0,0,1,1,1,Wednesday,11323,7,2013,1.0
2013-07-04,0,IndependenceDay,National,1,1,0,1,0,0,Thursday,11323,7,2013,1.0
2013-07-05,0,,,0,0,0,1,1,1,Friday,11323,7,2013,1.0
2013-07-06,0,,,0,0,0,1,1,1,Saturday,11324,7,2013,1.0
2013-07-07,0,,,0,0,0,1,1,0,Sunday,11324,7,2013,1.0
2013-07-08,0,,,0,0,0,1,0,1,Monday,11324,7,2013,1.0
2013-07-09,0,Ramadan starts,Religious,1,1,0,1,1,1,Tuesday,11324,7,2013,1.0
2013-07-10,0,,,0,0,0,1,0,0,Wednesday,11324,7,2013,1.0
2013-07-11,0,,,0,0,0,0,1,1,Thursday,11324,7,2013,1.0
2013-07-12,0,,,0,0,0,0,1,1,Friday,11324,7,2013,1.0
2013-07-13,0,,,0,0,0,0,1,0,Saturday,11325,7,2013,9.58
2013-07-14,0,,,0,0,0,0,0,1,Sunday,11325,7,2013,9.58
2013-07-15,0,,,0,0,0,0,1,1,Monday,11325,7,2013,9.58
2013-07-16,0,,,0,0,0,0,0,0,Tuesday,11325,7,2013,9.58
2013-07-17,0,,,0,0,0,0,0,0,Wednesday,11325,7,2013,9.58
2013-07-18,1,,,0,0,0,0,0,0,Thursday,11325,7,2013,9.58
2013-07-19,0,,,0,0,0,0,0,0,Friday,11325,7,2013,9.58
2013-07-20,0,,,0,0,0,0,0,0,Saturday,11326,7,2013,9.58
2013-07-21,0,,,0,0,0,0,0,0,Sunday,11326,7,2013,9.58
2013-07-22,0,,,0,0,0,0,0,0,Monday,11326,7,2013,9.58
2013-07-23,0,,,0,0,0,0,0,0,Tuesday,11326,7,2013,9.58
2013-07-24,0,,,0,0,0,0,0,0,Wednesday,11326,7,2013,9.58
2013-07-25,0,,,0,0,0,0,0,0,Thursday,11326,7,2013,9.58
2013-07-26,0,,,0,0,0,0,0,0,Friday,11326,7,2013,9.58
2013-07-27,0,,,0,0,0,0,0,0,Saturday,11327,7,2013,8.26
2013-07-28,0,,,0,0,0,0,0,0,Sunday,11327,7,2013,8.26
2013-07-29,0,,,0,0,0,0,0,0,Monday,11327,7,2013,8.26
2013-07-30,0,,,0,0,0,0,0,0,Tuesday,11327,7,2013,8.26
2013-07-31,0,,,0,0,0,0,0,0,Wednesday,11327,7,2013,8.26
2013-08-01,0,,,0,0,0,1,1,0,Thursday,11327,8,2013,8.26
2013-08-02,2,,,0,0,0,1,0,1,Friday,11327,8,2013,8.26
2013-08-03,0,,,0,0,0,1,1,1,Saturday,11328,8,2013,8.26
2013-08-04,1,,,0,0,0,1,0,0,Sunday,11328,8,2013,8.26
2013-08-05,1,,,0,0,0,1,1,1,Monday,11328,8,2013,8.26
2013-08-06,0,,,0,0,0,1,1,1,Tuesday,11328,8,2013,8.26
2013-08-07,0,,,0,0,0,1,1,0,Wednesday,11328,8,2013,8.26
2013-08-08,0,Eid al-Fitr,Religious,1,1,0,1,0,1,Thursday,11328,8,2013,8.26
2013-08-09,0,,,0,0,0,1,1,1,Friday,11328,8,2013,8.26
2013-08-10,0,,,0,0,0,1,0,0,Saturday,11329,8,2013,8.26
2013-08-11,1,,,0,0,0,0,1,1,Sunday,11329,8,2013,8.26
2013-08-12,2,,,0,0,0,0,1,1,Monday,11329,8,2013,8.26
2013-08-13,1,,,0,0,0,0,1,0,Tuesday,11329,8,2013,8.26
2013-08-14,0,,,0,0,0,0,0,1,Wednesday,11329,8,2013,8.26
2013-08-15,1,,,0,0,0,0,1,1,Thursday,11329,8,2013,8.26
2013-08-16,1,,,0,0,0,0,0,0,Friday,11329,8,2013,8.26
2013-08-17,0,,,0,0,0,0,0,0,Saturday,11330,8,2013,8.26
2013-08-18,0,,,0,0,0,0,0,0,Sunday,11330,8,2013,8.26
2013-08-19,0,,,0,0,0,0,0,0,Monday,11330,8,2013,8.26
2013-08-20,1,,,0,0,0,0,0,0,Tuesday,11330,8,2013,8.26
2013-08-21,0,,,0,0,0,0,0,0,Wednesday,11330,8,2013,8.26
2013-08-22,0,,,0,0,0,0,0,0,Thursday,11330,8,2013,8.26
2013-08-23,0,,,0,0,0,0,0,0,Friday,11330,8,2013,8.26
2013-08-24,0,,,0,0,0,0,0,0,Saturday,11331,8,2013,8.26
2013-08-25,0,,,0,0,0,0,0,0,Sunday,11331,8,2013,8.26
2013-08-26,0,,,0,0,0,0,0,0,Monday,11331,8,2013,8.26
2013-08-27,0,,,0,0,0,0,0,0,Tuesday,11331,8,2013,8.26
2013-08-28,1,,,0,0,0,0,0,0,Wednesday,11331,8,2013,8.26
2013-08-29,0,,,0,0,0,0,0,0,Thursday,11331,8,2013,8.26
2013-08-30,1,,,0,0,0,0,0,0,Friday,11331,8,2013,8.26
2013-08-31,0,,,0,0,0,0,0,0,Saturday,11332,8,2013,8.26
2013-09-01,0,,,0,0,0,1,1,0,Sunday,11332,9,2013,8.26
2013-09-02,2,LaborDay,National,1,1,0,1,0,1,Monday,11332,9,2013,8.26
2013-09-03,1,,,0,0,0,1,1,1,Tuesday,11332,9,2013,8.26
2013-09-04,0,,,0,0,0,1,0,0,Wednesday,11332,9,2013,8.26
2013-09-05,0,,,0,0,0,1,1,1,Thursday,11332,9,2013,8.26
2013-09-06,0,,,0,0,0,1,1,1,Friday,11332,9,2013,8.26
2013-09-07,2,,,0,0,0,1,1,0,Saturday,11333,9,2013,8.26
2013-09-08,0,,,0,0,0,1,0,1,Sunday,11333,9,2013,8.26
2013-09-09,0,,,0,0,0,1,1,1,Monday,11333,9,2013,8.26
2013-09-10,0,,,0,0,0,1,0,0,Tuesday,11333,9,2013,8.26
2013-09-11,0,,,0,0,0,0,1,1,Wednesday,11333,9,2013,8.26
2013-09-12,0,,,0,0,0,0,1,1,Thursday,11333,9,2013,8.26
2013-09-13,1,,,0,0,0,0,1,0,Friday,11333,9,2013,8.26
2013-09-14,0,,,0,0,0,0,0,1,Saturday,11334,9,2013,8.26
2013-09-15,0,,,0,0,0,0,1,1,Sunday,11334,9,2013,8.26
2013-09-16,0,,,0,0,0,0,0,0,Monday,11334,9,2013,8.26
2013-09-17,1,,,0,0,0,0,0,0,Tuesday,11334,9,2013,8.26
2013-09-18,0,,,0,0,0,0,0,0,Wednesday,11334,9,2013,8.26
2013-09-19,1,,,0,0,0,0,0,0,Thursday,11334,9,2013,8.26
2013-09-20,2,,,0,0,0,0,0,0,Friday,11334,9,2013,8.26
2013-09-21,1,,,0,0,0,0,0,0,Saturday,11335,9,2013,8.26
2013-09-22,1,,,0,0,0,0,0,0,Sunday,11335,9,2013,8.26
2013-09-23,0,,,0,0,0,0,0,0,Monday,11335,9,2013,8.26
2013-09-24,0,,,0,0,0,0,0,0,Tuesday,11335,9,2013,8.26
2013-09-25,0,,,0,0,0,0,0,0,Wednesday,11335,9,2013,8.26
2013-09-26,0,,,0,0,0,0,0,0,Thursday,11335,9,2013,8.26
2013-09-27,1,,,0,0,0,0,0,0,Friday,11335,9,2013,8.26
2013-09-28,0,,,0,0,0,0,0,0,Saturday,11336,9,2013,8.26
2013-09-29,0,,,0,0,0,0,0,0,Sunday,11336,9,2013,8.26
2013-09-30,1,,,0,0,0,0,0,0,Monday,11336,9,2013,8.26
2013-10-01,2,,,0,0,0,1,1,0,Tuesday,11336,10,2013,8.26
2013-10-02,0,,,0,0,0,1,0,1,Wednesday,11336,10,2013,8.26
2013-10-03,1,,,0,0,0,1,1,1,Thursday,11336,10,2013,8.26
2013-10-04,0,,,0,0,0,1,0,0,Friday,11336,10,2013,8.26
2013-10-05,0,,,0,0,0,1,1,1,Saturday,11337,10,2013,8.26
2013-10-06,1,,,0,0,0,1,1,1,Sunday,11337,10,2013,8.26
2013-10-07,0,,,0,0,0,1,1,0,Monday,11337,10,2013,8.26
2013-10-08,1,,,0,0,0,1,0,1,Tuesday,11337,10,2013,8.26
2013-10-09,0,,,0,0,0,1,1,1,Wednesday,11337,10,2013,8.26
2013-10-10,1,,,0,0,0,1,0,0,Thursday,11337,10,2013,8.26
2013-10-11,0,,,0,0,0,0,1,1,Friday,11337,10,2013,8.26
2013-10-12,1,,,0,0,0,0,1,1,Saturday,11338,10,2013,8.26
2013-10-13,0,,,0,0,0,0,1,0,Sunday,11338,10,2013,8.26
2013-10-14,1,ColumbusDay,National,1,1,0,0,0,1,Monday,11338,10,2013,8.26
2013-10-15,0,EidAlAdha,Religious,1,1,0,0,1,1,Tuesday,11338,10,2013,8.26
2013-10-16,0,,,0,0,0,0,0,0,Wednesday,11338,10,2013,8.26
2013-10-17,0,,,0,0,0,0,0,0,Thursday,11338,10,2013,8.26
2013-10-18,0,,,0,0,0,0,0,0,Friday,11338,10,2013,8.26
2013-10-19,1,,,0,0,0,0,0,0,Saturday,11339,10,2013,8.26
2013-10-20,0,,,0,0,0,0,0,0,Sunday,11339,10,2013,8.26
2013-10-21,0,,,0,0,0,0,0,0,Monday,11339,10,2013,8.26
2013-10-22,0,,,0,0,0,0,0,0,Tuesday,11339,10,2013,8.26
2013-10-23,0,,,0,0,0,0,0,0,Wednesday,11339,10,2013,8.26
2013-10-24,0,,,0,0,0,0,0,0,Thursday,11339,10,2013,8.26
2013-10-25,2,,,0,0,0,0,0,0,Friday,11339,10,2013,8.26
2013-10-26,2,,,0,0,0,0,0,0,Saturday,11340,10,2013,8.26
2013-10-27,0,,,0,0,0,0,0,0,Sunday,11340,10,2013,8.26
2013-10-28,1,,,0,0,0,0,0,0,Monday,11340,10,2013,8.26
2013-10-29,1,,,0,0,0,0,0,0,Tuesday,11340,10,2013,8.26
2013-10-30,0,,,0,0,0,0,0,0,Wednesday,11340,10,2013,8.26
2013-10-31,0,Halloween,Cultural,1,1,1,0,0,0,Thursday,11340,10,2013,8.26
2013-11-01,0,,,0,0,0,1,1,0,Friday,11340,11,2013,8.26
2013-11-02,1,,,0,0,0,1,0,1,Saturday,11341,11,2013,8.26
2013-11-03,1,,,0,0,0,1,1,1,Sunday,11341,11,2013,8.26
2013-11-04,0,,,0,0,0,1,0,0,Monday,11341,11,2013,8.26
2013-11-05,1,,,0,0,0,1,1,1,Tuesday,11341,11,2013,8.26
2013-11-06,1,,,0,0,0,1,1,1,Wednesday,11341,11,2013,8.26
2013-11-07,1,,,0,0,0,1,1,0,Thursday,11341,11,2013,8.26
2013-11-08,1,,,0,0,0,1,0,1,Friday,11341,11,2013,8.26
2013-11-09,0,,,0,0,0,1,1,1,Saturday,11342,11,2013,8.26
2013-11-10,2,,,0,0,0,1,0,0,Sunday,11342,11,2013,8.26
2013-11-11,3,VeteransDay,National,1,1,0,0,1,1,Monday,11342,11,2013,8.26
2013-11-12,1,,,0,0,0,0,1,1,Tuesday,11342,11,2013,8.26
2013-11-13,1,,,0,0,0,0,1,0,Wednesday,11342,11,2013,8.26
2013-11-14,0,,,0,0,0,0,0,1,Thursday,11342,11,2013,8.26
2013-11-15,0,,,0,0,0,0,1,1,Friday,11342,11,2013,8.26
2013-11-16,0,,,0,0,0,0,0,0,Saturday,11343,11,2013,8.26
2013-11-17,0,,,0,0,0,0,0,0,Sunday,11343,11,2013,8.26
2013-11-18,0,,,0,0,0,0,0,0,Monday,11343,11,2013,8.26
2013-11-19,1,,,0,0,0,0,0,0,Tuesday,11343,11,2013,8.26
2013-11-20,0,,,0,0,0,0,0,0,Wednesday,11343,11,2013,8.26
2013-11-21,0,,,0,0,0,0,0,0,Thursday,11343,11,2013,8.26
2013-11-22,0,,,0,0,0,0,0,0,Friday,11343,11,2013,8.26
2013-11-23,0,,,0,0,0,0,0,0,Saturday,11344,11,2013,8.26
2013-11-24,2,,,0,0,0,0,0,0,Sunday,11344,11,2013,8.26
2013-11-25,1,,,0,0,0,0,0,0,Monday,11344,11,2013,8.26
2013-11-26,0,,,0,0,0,0,0,0,Tuesday,11344,11,2013,8.26
2013-11-27,0,,,0,0,0,0,0,0,Wednesday,11344,11,2013,8.26
2013-11-28,1,Thanksgiving,National,1,1,0,0,0,0,Thursday,11344,11,2013,8.26
2013-11-29,1,,,0,0,0,0,0,0,Friday,11344,11,2013,8.26
2013-11-30,2,,,0,0,0,0,0,0,Saturday,11345,11,2013,8.26
2013-12-01,1,,,0,0,0,1,1,0,Sunday,11345,12,2013,8.26
2013-12-02,1,,,0,0,0,1,0,1,Monday,11345,12,2013,8.26
2013-12-03,0,,,0,0,0,1,1,1,Tuesday,11345,12,2013,8.26
2013-12-04,1,,,0,0,0,1,0,0,Wednesday,11345,12,2013,8.26
2013-12-05,0,Chanukah End,Religious,1,1,0,1,1,1,Thursday,11345,12,2013,8.26
2013-12-06,1,,,0,0,0,1,1,1,Friday,11345,12,2013,8.26
2013-12-07,1,,,0,0,0,1,1,0,Saturday,11346,12,2013,8.26
2013-12-08,0,,,0,0,0,1,0,1,Sunday,11346,12,2013,8.26
2013-12-09,1,,,0,0,0,1,1,1,Monday,11346,12,2013,8.26
2013-12-10,1,,,0,0,0,1,0,0,Tuesday,11346,12,2013,8.26
2013-12-11,0,,,0,0,0,0,1,1,Wednesday,11346,12,2013,8.26
2013-12-12,3,,,0,0,0,0,1,1,Thursday,11346,12,2013,8.26
2013-12-13,0,,,0,0,0,0,1,0,Friday,11346,12,2013,8.26
2013-12-14,0,,,0,0,0,0,0,1,Saturday,11347,12,2013,8.26
2013-12-15,3,,,0,0,0,0,1,1,Sunday,11347,12,2013,8.26
2013-12-16,0,,,0,0,0,0,0,0,Monday,11347,12,2013,8.26
2013-12-17,1,,,0,0,0,0,0,0,Tuesday,11347,12,2013,8.26
2013-12-18,1,,,0,0,0,0,0,0,Wednesday,11347,12,2013,8.26
2013-12-19,2,,,0,0,0,0,0,0,Thursday,11347,12,2013,8.26
2013-12-20,0,,,0,0,0,0,0,0,Friday,11347,12,2013,8.26
2013-12-21,1,,,0,0,0,0,0,0,Saturday,11348,12,2013,8.26
2013-12-22,1,,,0,0,0,0,0,0,Sunday,11348,12,2013,8.26
2013-12-23,0,,,0,0,0,0,0,0,Monday,11348,12,2013,8.26
2013-12-24,1,,,0,0,0,0,0,0,Tuesday,11348,12,2013,8.26
2013-12-25,0,Christmas,National,1,1,0,0,0,0,Wednesday,11348,12,2013,8.26
2013-12-26,0,,,0,0,0,0,0,0,Thursday,11348,12,2013,8.26
2013-12-27,0,,,0,0,0,0,0,0,Friday,11348,12,2013,8.26
2013-12-28,0,,,0,0,0,0,0,0,Saturday,11349,12,2013,8.26
2013-12-29,0,,,0,0,0,0,0,0,Sunday,11349,12,2013,8.26
2013-12-30,0,,,0,0,0,0,0,0,Monday,11349,12,2013,8.26
2013-12-31,0,,,0,0,0,0,0,0,Tuesday,11349,12,2013,8.26
2014-01-01,1,NewYear,National,1,1,0,1,1,0,Wednesday,11349,1,2014,8.26
2014-01-02,1,,,0,0,0,1,0,1,Thursday,11349,1,2014,8.26
2014-01-03,0,,,0,0,0,1,1,1,Friday,11349,1,2014,8.26
2014-01-04,0,,,0,0,0,1,0,0,Saturday,11350,1,2014,8.26
2014-01-05,0,,,0,0,0,1,1,1,Sunday,11350,1,2014,8.26
2014-01-06,0,,,0,0,0,1,1,1,Monday,11350,1,2014,8.26
2014-01-07,0,OrthodoxChristmas,Religious,1,1,0,1,1,0,Tuesday,11350,1,2014,8.26
2014-01-08,1,,,0,0,0,1,0,1,Wednesday,11350,1,2014,8.26
2014-01-09,2,,,0,0,0,1,1,1,Thursday,11350,1,2014,8.26
2014-01-10,0,,,0,0,0,1,0,0,Friday,11350,1,2014,8.26
2014-01-11,0,,,0,0,0,0,1,1,Saturday,11351,1,2014,8.26
2014-01-12,1,,,0,0,0,0,1,1,Sunday,11351,1,2014,8.26
2014-01-13,0,,,0,0,0,0,1,0,Monday,11351,1,2014,8.26
2014-01-14,2,,,0,0,0,0,0,1,Tuesday,11351,1,2014,8.26
2014-01-15,0,,,0,0,0,0,1,1,Wednesday,11351,1,2014,8.26
2014-01-16,0,,,0,0,0,0,0,0,Thursday,11351,1,2014,8.26
2014-01-17,0,,,0,0,0,0,0,0,Friday,11351,1,2014,8.26
2014-01-18,0,,,0,0,0,0,0,0,Saturday,11352,1,2014,8.26
2014-01-19,0,,,0,0,0,0,0,0,Sunday,11352,1,2014,8.26
2014-01-20,0,MartinLutherKingDay,National,1,1,0,0,0,0,Monday,11352,1,2014,8.26
2014-01-21,1,,,0,0,0,0,0,0,Tuesday,11352,1,2014,8.26
2014-01-22,0,,,0,0,0,0,0,0,Wednesday,11352,1,2014,8.26
2014-01-23,1,,,0,0,0,0,0,0,Thursday,11352,1,2014,8.26
2014-01-24,0,,,0,0,0,0,0,0,Friday,11352,1,2014,8.26
2014-01-25,1,,,0,0,0,0,0,0,Saturday,11353,1,2014,8.26
2014-01-26,1,,,0,0,0,0,0,0,Sunday,11353,1,2014,8.26
2014-01-27,0,,,0,0,0,0,0,0,Monday,11353,1,2014,8.26
2014-01-28,0,,,0,0,0,0,0,0,Tuesday,11353,1,2014,8.26
2014-01-29,0,,,0,0,0,0,0,0,Wednesday,11353,1,2014,8.26
2014-01-30,0,,,0,0,0,0,0,0,Thursday,11353,1,2014,8.26
2014-01-31,0,,,0,0,0,0,0,0,Friday,11353,1,2014,8.26
2014-02-01,1,,,0,0,0,1,1,0,Saturday,11401,2,2014,8.26
2014-02-02,0,SuperBowl,Sporting,1,1,0,1,0,1,Sunday,11401,2,2014,8.26
2014-02-03,0,,,0,0,0,1,1,1,Monday,11401,2,2014,8.26
2014-02-04,0,,,0,0,0,1,0,0,Tuesday,11401,2,2014,8.26
2014-02-05,0,,,0,0,0,1,1,1,Wednesday,11401,2,2014,8.26
2014-02-06,0,,,0,0,0,1,1,1,Thursday,11401,2,2014,8.26
2014-02-07,1,,,0,0,0,1,1,0,Friday,11401,2,2014,8.26
2014-02-08,2,,,0,0,0,1,0,1,Saturday,11402,2,2014,8.26
2014-02-09,0,,,0,0,0,1,1,1,Sunday,11402,2,2014,8.26
2014-02-10,0,,,0,0,0,1,0,0,Monday,11402,2,2014,8.26
2014-02-11,0,,,0,0,0,0,1,1,Tuesday,11402,2,2014,8.26
2014-02-12,0,,,0,0,0,0,1,1,Wednesday,11402,2,2014,8.26
2014-02-13,0,,,0,0,0,0,1,0,Thursday,11402,2,2014,8.26
2014-02-14,0,ValentinesDay,Cultural,1,1,1,0,0,1,Friday,11402,2,2014,8.26
2014-02-15,1,,,0,0,0,0,1,1,Saturday,11403,2,2014,8.26
2014-02-16,2,,,0,0,0,0,0,0,Sunday,11403,2,2014,8.26
2014-02-17,0,PresidentsDay,National,1,1,0,0,0,0,Monday,11403,2,2014,8.26
2014-02-18,0,,,0,0,0,0,0,0,Tuesday,11403,2,2014,8.26
2014-02-19,0,,,0,0,0,0,0,0,Wednesday,11403,2,2014,8.26
2014-02-20,2,,,0,0,0,0,0,0,Thursday,11403,2,2014,8.26
2014-02-21,1,,,0,0,0,0,0,0,Friday,11403,2,2014,8.26
2014-02-22,2,,,0,0,0,0,0,0,Saturday,11404,2,2014,8.26
2014-02-23,0,,,0,0,0,0,0,0,Sunday,11404,2,2014,8.26
2014-02-24,0,,,0,0,0,0,0,0,Monday,11404,2,2014,8.26
2014-02-25,1,,,0,0,0,0,0,0,Tuesday,11404,2,2014,8.26
2014-02-26,0,,,0,0,0,0,0,0,Wednesday,11404,2,2014,8.26
2014-02-27,0,,,0,0,0,0,0,0,Thursday,11404,2,2014,8.26
2014-02-28,0,,,0,0,0,0,0,0,Friday,11404,2,2014,8.26
2014-03-01,1,,,0,0,0,1,1,0,Saturday,11405,3,2014,8.26
2014-03-02,0,,,0,0,0,1,0,1,Sunday,11405,3,2014,8.26
2014-03-03,0,,,0,0,0,1,1,1,Monday,11405,3,2014,8.26
2014-03-04,1,,,0,0,0,1,0,0,Tuesday,11405,3,2014,8.26
2014-03-05,0,LentStart,Religious,1,1,0,1,1,1,Wednesday,11405,3,2014,8.26
2014-03-06,0,,,0,0,0,1,1,1,Thursday,11405,3,2014,8.26
2014-03-07,0,,,0,0,0,1,1,0,Friday,11405,3,2014,8.26
2014-03-08,0,,,0,0,0,1,0,1,Saturday,11406,3,2014,8.26
2014-03-09,1,,,0,0,0,1,1,1,Sunday,11406,3,2014,8.26
2014-03-10,0,,,0,0,0,1,0,0,Monday,11406,3,2014,8.26
2014-03-11,0,,,0,0,0,0,1,1,Tuesday,11406,3,2014,8.26
2014-03-12,0,LentWeek2,Religious,1,1,0,0,1,1,Wednesday,11406,3,2014,8.26
2014-03-13,0,,,0,0,0,0,1,0,Thursday,11406,3,2014,8.26
2014-03-14,0,,,0,0,0,0,0,1,Friday,11406,3,2014,8.26
2014-03-15,0,,,0,0,0,0,1,1,Saturday,11407,3,2014,8.26
2014-03-16,1,Purim End,Religious,1,1,0,0,0,0,Sunday,11407,3,2014,8.26
2014-03-17,0,StPatricksDay,Cultural,1,1,1,0,0,0,Monday,11407,3,2014,8.26
2014-03-18,1,,,0,0,0,0,0,0,Tuesday,11407,3,2014,8.26
2014-03-19,0,,,0,0,0,0,0,0,Wednesday,11407,3,2014,8.26
2014-03-20,1,,,0,0,0,0,0,0,Thursday,11407,3,2014,8.26
2014-03-21,1,,,0,0,0,0,0,0,Friday,11407,3,2014,8.26
2014-03-22,1,,,0,0,0,0,0,0,Saturday,11408,3,2014,8.26
2014-03-23,0,,,0,0,0,0,0,0,Sunday,11408,3,2014,8.26
2014-03-24,2,,,0,0,0,0,0,0,Monday,11408,3,2014,8.26
2014-03-25,0,,,0,0,0,0,0,0,Tuesday,11408,3,2014,8.26
2014-03-26,1,,,0,0,0,0,0,0,Wednesday,11408,3,2014,8.26
2014-03-27,0,,,0,0,0,0,0,0,Thursday,11408,3,2014,8.26
2014-03-28,0,,,0,0,0,0,0,0,Friday,11408,3,2014,8.26
2014-03-29,0,,,0,0,0,0,0,0,Saturday,11409,3,2014,8.26
2014-03-30,0,,,0,0,0,0,0,0,Sunday,11409,3,2014,8.26
2014-03-31,0,,,0,0,0,0,0,0,Monday,11409,3,2014,8.26
2014-04-01,0,,,0,0,0,1,1,0,Tuesday,11409,4,2014,8.26
2014-04-02,0,,,0,0,0,1,0,1,Wednesday,11409,4,2014,8.26
2014-04-03,0,,,0,0,0,1,1,1,Thursday,11409,4,2014,8.26
2014-04-04,0,,,0,0,0,1,0,0,Friday,11409,4,2014,8.26
2014-04-05,0,,,0,0,0,1,1,1,Saturday,11410,4,2014,8.26
2014-04-06,0,,,0,0,0,1,1,1,Sunday,11410,4,2014,8.26
2014-04-07,1,,,0,0,0,1,1,0,Monday,11410,4,2014,8.26
2014-04-08,1,,,0,0,0,1,0,1,Tuesday,11410,4,2014,8.26
2014-04-09,1,,,0,0,0,1,1,1,Wednesday,11410,4,2014,8.26
2014-04-10,0,,,0,0,0,1,0,0,Thursday,11410,4,2014,8.26
2014-04-11,1,,,0,0,0,0,1,1,Friday,11410,4,2014,8.26
2014-04-12,0,,,0,0,0,0,1,1,Saturday,11411,4,2014,8.26
2014-04-13,0,,,0,0,0,0,1,0,Sunday,11411,4,2014,8.26
2014-04-14,0,,,0,0,0,0,0,1,Monday,11411,4,2014,8.26
2014-04-15,0,,,0,0,0,0,1,1,Tuesday,11411,4,2014,8.26
2014-04-16,0,,,0,0,0,0,0,0,Wednesday,11411,4,2014,8.26
2014-04-17,1,,,0,0,0,0,0,0,Thursday,11411,4,2014,8.26
2014-04-18,1,,,0,0,0,0,0,0,Friday,11411,4,2014,8.26
2014-04-19,2,,,0,0,0,0,0,0,Saturday,11412,4,2014,8.26
2014-04-20,0,Easter,Cultural,1,1,1,0,0,0,Sunday,11412,4,2014,8.26
2014-04-21,1,,,0,0,0,0,0,0,Monday,11412,4,2014,8.26
2014-04-22,0,Pesach End,Religious,1,1,0,0,0,0,Tuesday,11412,4,2014,8.26
2014-04-23,0,,,0,0,0,0,0,0,Wednesday,11412,4,2014,8.26
2014-04-24,0,,,0,0,0,0,0,0,Thursday,11412,4,2014,8.26
2014-04-25,0,,,0,0,0,0,0,0,Friday,11412,4,2014,8.26
2014-04-26,0,,,0,0,0,0,0,0,Saturday,11413,4,2014,8.26
2014-04-27,1,,,0,0,0,0,0,0,Sunday,11413,4,2014,8.26
2014-04-28,0,,,0,0,0,0,0,0,Monday,11413,4,2014,8.26
2014-04-29,1,,,0,0,0,0,0,0,Tuesday,11413,4,2014,8.26
2014-04-30,0,,,0,0,0,0,0,0,Wednesday,11413,4,2014,8.26
2014-05-01,0,,,0,0,0,1,1,0,Thursday,11413,5,2014,8.26
2014-05-02,0,,,0,0,0,1,0,1,Friday,11413,5,2014,8.26
2014-05-03,0,,,0,0,0,1,1,1,Saturday,11414,5,2014,8.26
2014-05-04,1,,,0,0,0,1,0,0,Sunday,11414,5,2014,8.26
2014-05-05,0,Cinco De Mayo,Cultural,1,1,1,1,1,1,Monday,11414,5,2014,8.26
2014-05-06,0,,,0,0,0,1,1,1,Tuesday,11414,5,2014,8.26
2014-05-07,0,,,0,0,0,1,1,0,Wednesday,11414,5,2014,8.26
2014-05-08,0,,,0,0,0,1,0,1,Thursday,11414,5,2014,8.26
2014-05-09,0,,,0,0,0,1,1,1,Friday,11414,5,2014,8.26
2014-05-10,0,,,0,0,0,1,0,0,Saturday,11415,5,2014,8.26
2014-05-11,1,Mother's day,Cultural,1,1,1,0,1,1,Sunday,11415,5,2014,8.26
2014-05-12,0,,,0,0,0,0,1,1,Monday,11415,5,2014,8.26
2014-05-13,0,,,0,0,0,0,1,0,Tuesday,11415,5,2014,8.26
2014-05-14,0,,,0,0,0,0,0,1,Wednesday,11415,5,2014,8.26
2014-05-15,0,,,0,0,0,0,1,1,Thursday,11415,5,2014,8.26
2014-05-16,0,,,0,0,0,0,0,0,Friday,11415,5,2014,8.26
2014-05-17,1,,,0,0,0,0,0,0,Saturday,11416,5,2014,8.26
2014-05-18,1,,,0,0,0,0,0,0,Sunday,11416,5,2014,8.26
2014-05-19,0,,,0,0,0,0,0,0,Monday,11416,5,2014,8.26
2014-05-20,2,,,0,0,0,0,0,0,Tuesday,11416,5,2014,8.26
2014-05-21,0,,,0,0,0,0,0,0,Wednesday,11416,5,2014,8.26
2014-05-22,0,,,0,0,0,0,0,0,Thursday,11416,5,2014,8.26
2014-05-23,1,,,0,0,0,0,0,0,Friday,11416,5,2014,8.26
2014-05-24,0,,,0,0,0,0,0,0,Saturday,11417,5,2014,8.26
2014-05-25,0,,,0,0,0,0,0,0,Sunday,11417,5,2014,8.26
2014-05-26,0,MemorialDay,National,1,1,0,0,0,0,Monday,11417,5,2014,8.26
2014-05-27,1,,,0,0,0,0,0,0,Tuesday,11417,5,2014,8.26
2014-05-28,0,,,0,0,0,0,0,0,Wednesday,11417,5,2014,8.26
2014-05-29,1,,,0,0,0,0,0,0,Thursday,11417,5,2014,8.26
2014-05-30,0,,,0,0,0,0,0,0,Friday,11417,5,2014,8.26
2014-05-31,0,,,0,0,0,0,0,0,Saturday,11418,5,2014,8.26
2014-06-01,0,,,0,0,0,1,1,0,Sunday,11418,6,2014,8.26
2014-06-02,0,,,0,0,0,1,0,1,Monday,11418,6,2014,8.26
2014-06-03,1,,,0,0,0,1,1,1,Tuesday,11418,6,2014,8.26
2014-06-04,0,,,0,0,0,1,0,0,Wednesday,11418,6,2014,8.26
2014-06-05,1,NBAFinalsStart,Sporting,1,1,0,1,1,1,Thursday,11418,6,2014,8.26
2014-06-06,0,,,0,0,0,1,1,1,Friday,11418,6,2014,8.26
2014-06-07,1,,,0,0,0,1,1,0,Saturday,11419,6,2014,8.26
2014-06-08,0,,,0,0,0,1,0,1,Sunday,11419,6,2014,8.26
2014-06-09,0,,,0,0,0,1,1,1,Monday,11419,6,2014,8.26
2014-06-10,1,,,0,0,0,1,0,0,Tuesday,11419,6,2014,8.26
2014-06-11,0,,,0,0,0,0,1,1,Wednesday,11419,6,2014,8.26
2014-06-12,0,,,0,0,0,0,1,1,Thursday,11419,6,2014,8.26
2014-06-13,1,,,0,0,0,0,1,0,Friday,11419,6,2014,8.26
2014-06-14,1,,,0,0,0,0,0,1,Saturday,11420,6,2014,8.26
2014-06-15,2,NBAFinalsEnd,Sporting,1,1,0,0,1,1,Sunday,11420,6,2014,8.26
2014-06-16,0,,,0,0,0,0,0,0,Monday,11420,6,2014,8.26
2014-06-17,1,,,0,0,0,0,0,0,Tuesday,11420,6,2014,8.26
2014-06-18,0,,,0,0,0,0,0,0,Wednesday,11420,6,2014,8.26
2014-06-19,0,,,0,0,0,0,0,0,Thursday,11420,6,2014,8.26
2014-06-20,0,,,0,0,0,0,0,0,Friday,11420,6,2014,8.26
2014-06-21,0,,,0,0,0,0,0,0,Saturday,11421,6,2014,8.26
2014-06-22,0,,,0,0,0,0,0,0,Sunday,11421,6,2014,8.26
2014-06-23,0,,,0,0,0,0,0,0,Monday,11421,6,2014,8.26
2014-06-24,0,,,0,0,0,0,0,0,Tuesday,11421,6,2014,8.26
2014-06-25,0,,,0,0,0,0,0,0,Wednesday,11421,6,2014,8.26
2014-06-26,3,,,0,0,0,0,0,0,Thursday,11421,6,2014,8.26
2014-06-27,1,,,0,0,0,0,0,0,Friday,11421,6,2014,8.26
2014-06-28,2,,,0,0,0,0,0,0,Saturday,11422,6,2014,8.26
2014-06-29,2,Ramadan starts,Religious,1,1,0,0,0,0,Sunday,11422,6,2014,8.26
2014-06-30,1,,,0,0,0,0,0,0,Monday,11422,6,2014,8.26
2014-07-01,1,,,0,0,0,1,1,0,Tuesday,11422,7,2014,8.26
2014-07-02,0,,,0,0,0,1,0,1,Wednesday,11422,7,2014,8.26
2014-07-03,0,,,0,0,0,1,1,1,Thursday,11422,7,2014,8.26
2014-07-04,2,IndependenceDay,National,1,1,0,1,0,0,Friday,11422,7,2014,8.26
2014-07-05,0,,,0,0,0,1,1,1,Saturday,11423,7,2014,8.26
2014-07-06,0,,,0,0,0,1,1,1,Sunday,11423,7,2014,8.26
2014-07-07,0,,,0,0,0,1,1,0,Monday,11423,7,2014,8.26
2014-07-08,0,,,0,0,0,1,0,1,Tuesday,11423,7,2014,8.26
2014-07-09,1,,,0,0,0,1,1,1,Wednesday,11423,7,2014,8.26
2014-07-10,0,,,0,0,0,1,0,0,Thursday,11423,7,2014,8.26
2014-07-11,1,,,0,0,0,0,1,1,Friday,11423,7,2014,8.26
2014-07-12,0,,,0,0,0,0,1,1,Saturday,11424,7,2014,8.26
2014-07-13,0,,,0,0,0,0,1,0,Sunday,11424,7,2014,8.26
2014-07-14,0,,,0,0,0,0,0,1,Monday,11424,7,2014,8.26
2014-07-15,1,,,0,0,0,0,1,1,Tuesday,11424,7,2014,8.26
2014-07-16,1,,,0,0,0,0,0,0,Wednesday,11424,7,2014,8.26
2014-07-17,0,,,0,0,0,0,0,0,Thursday,11424,7,2014,8.26
2014-07-18,3,,,0,0,0,0,0,0,Friday,11424,7,2014,8.26
2014-07-19,1,,,0,0,0,0,0,0,Saturday,11425,7,2014,8.26
2014-07-20,0,,,0,0,0,0,0,0,Sunday,11425,7,2014,8.26
2014-07-21,0,,,0,0,0,0,0,0,Monday,11425,7,2014,8.26
2014-07-22,0,,,0,0,0,0,0,0,Tuesday,11425,7,2014,8.26
2014-07-23,0,,,0,0,0,0,0,0,Wednesday,11425,7,2014,8.26
2014-07-24,0,,,0,0,0,0,0,0,Thursday,11425,7,2014,8.26
2014-07-25,1,,,0,0,0,0,0,0,Friday,11425,7,2014,8.26
2014-07-26,0,,,0,0,0,0,0,0,Saturday,11426,7,2014,8.26
2014-07-27,1,,,0,0,0,0,0,0,Sunday,11426,7,2014,8.26
2014-07-28,1,,,0,0,0,0,0,0,Monday,11426,7,2014,8.26
2014-07-29,1,Eid al-Fitr,Religious,1,1,0,0,0,0,Tuesday,11426,7,2014,8.26
2014-07-30,0,,,0,0,0,0,0,0,Wednesday,11426,7,2014,8.26
2014-07-31,0,,,0,0,0,0,0,0,Thursday,11426,7,2014,8.26
2014-08-01,0,,,0,0,0,1,1,0,Friday,11426,8,2014,8.26
2014-08-02,0,,,0,0,0,1,0,1,Saturday,11427,8,2014,8.26
2014-08-03,2,,,0,0,0,1,1,1,Sunday,11427,8,2014,8.26
2014-08-04,0,,,0,0,0,1,0,0,Monday,11427,8,2014,8.26
2014-08-05,0,,,0,0,0,1,1,1,Tuesday,11427,8,2014,8.26
2014-08-06,2,,,0,0,0,1,1,1,Wednesday,11427,8,2014,8.26
2014-08-07,0,,,0,0,0,1,1,0,Thursday,11427,8,2014,8.26
2014-08-08,0,,,0,0,0,1,0,1,Friday,11427,8,2014,8.26
2014-08-09,0,,,0,0,0,1,1,1,Saturday,11428,8,2014,8.26
2014-08-10,1,,,0,0,0,1,0,0,Sunday,11428,8,2014,8.26
2014-08-11,0,,,0,0,0,0,1,1,Monday,11428,8,2014,8.26
2014-08-12,0,,,0,0,0,0,1,1,Tuesday,11428,8,2014,8.26
2014-08-13,0,,,0,0,0,0,1,0,Wednesday,11428,8,2014,8.26
2014-08-14,0,,,0,0,0,0,0,1,Thursday,11428,8,2014,8.26
2014-08-15,0,,,0,0,0,0,1,1,Friday,11428,8,2014,8.26
2014-08-16,4,,,0,0,0,0,0,0,Saturday,11429,8,2014,8.26
2014-08-17,0,,,0,0,0,0,0,0,Sunday,11429,8,2014,8.26
2014-08-18,0,,,0,0,0,0,0,0,Monday,11429,8,2014,8.26
2014-08-19,2,,,0,0,0,0,0,0,Tuesday,11429,8,2014,8.26
2014-08-20,1,,,0,0,0,0,0,0,Wednesday,11429,8,2014,8.26
2014-08-21,0,,,0,0,0,0,0,0,Thursday,11429,8,2014,8.26
2014-08-22,0,,,0,0,0,0,0,0,Friday,11429,8,2014,8.26
2014-08-23,0,,,0,0,0,0,0,0,Saturday,11430,8,2014,8.26
2014-08-24,0,,,0,0,0,0,0,0,Sunday,11430,8,2014,8.26
2014-08-25,0,,,0,0,0,0,0,0,Monday,11430,8,2014,8.26
2014-08-26,1,,,0,0,0,0,0,0,Tuesday,11430,8,2014,8.26
2014-08-27,0,,,0,0,0,0,0,0,Wednesday,11430,8,2014,8.26
2014-08-28,0,,,0,0,0,0,0,0,Thursday,11430,8,2014,8.26
2014-08-29,0,,,0,0,0,0,0,0,Friday,11430,8,2014,8.26
2014-08-30,0,,,0,0,0,0,0,0,Saturday,11431,8,2014,8.26
2014-08-31,0,,,0,0,0,0,0,0,Sunday,11431,8,2014,8.26
2014-09-01,4,LaborDay,National,1,1,0,1,1,0,Monday,11431,9,2014,8.26
2014-09-02,0,,,0,0,0,1,0,1,Tuesday,11431,9,2014,8.26
2014-09-03,1,,,0,0,0,1,1,1,Wednesday,11431,9,2014,8.26
2014-09-04,0,,,0,0,0,1,0,0,Thursday,11431,9,2014,8.26
2014-09-05,1,,,0,0,0,1,1,1,Friday,11431,9,2014,8.26
2014-09-06,2,,,0,0,0,1,1,1,Saturday,11432,9,2014,8.26
2014-09-07,2,,,0,0,0,1,1,0,Sunday,11432,9,2014,8.26
2014-09-08,0,,,0,0,0,1,0,1,Monday,11432,9,2014,8.26
2014-09-09,0,,,0,0,0,1,1,1,Tuesday,11432,9,2014,8.26
2014-09-10,0,,,0,0,0,1,0,0,Wednesday,11432,9,2014,8.26
2014-09-11,0,,,0,0,0,0,1,1,Thursday,11432,9,2014,8.26
2014-09-12,2,,,0,0,0,0,1,1,Friday,11432,9,2014,8.26
2014-09-13,1,,,0,0,0,0,1,0,Saturday,11433,9,2014,8.26
2014-09-14,1,,,0,0,0,0,0,1,Sunday,11433,9,2014,8.26
2014-09-15,1,,,0,0,0,0,1,1,Monday,11433,9,2014,8.26
2014-09-16,1,,,0,0,0,0,0,0,Tuesday,11433,9,2014,8.26
2014-09-17,1,,,0,0,0,0,0,0,Wednesday,11433,9,2014,8.26
2014-09-18,0,,,0,0,0,0,0,0,Thursday,11433,9,2014,8.26
2014-09-19,0,,,0,0,0,0,0,0,Friday,11433,9,2014,8.26
2014-09-20,1,,,0,0,0,0,0,0,Saturday,11434,9,2014,8.26
2014-09-21,0,,,0,0,0,0,0,0,Sunday,11434,9,2014,8.26
2014-09-22,0,,,0,0,0,0,0,0,Monday,11434,9,2014,8.26
2014-09-23,1,,,0,0,0,0,0,0,Tuesday,11434,9,2014,8.26
2014-09-24,0,,,0,0,0,0,0,0,Wednesday,11434,9,2014,8.26
2014-09-25,0,,,0,0,0,0,0,0,Thursday,11434,9,2014,8.26
2014-09-26,0,,,0,0,0,0,0,0,Friday,11434,9,2014,8.26
2014-09-27,1,,,0,0,0,0,0,0,Saturday,11435,9,2014,8.26
2014-09-28,1,,,0,0,0,0,0,0,Sunday,11435,9,2014,8.26
